university_id,dc03c1f3-b756-48ad-9881-a49157ccebe1,dc03c1f3-b756-48ad-9881-a49157ccebe2,dc03c1f3-b756-48ad-9881-a49157ccebe3,dc03c1f3-b756-48ad-9881-a49157ccebe4,dc03c1f3-b756-48ad-9881-a49157ccebe5,dc03c1f3-b756-48ad-9881-a49157ccebe6,dc03c1f3-b756-48ad-9881-a49157ccebe7,dc03c1f3-b756-48ad-9881-a49157ccebe8,dc03c1f3-b756-48ad-9881-a49157ccebe9,dc03c1f3-b756-48ad-9881-a49157ccebe10,dc03c1f3-b756-48ad-9881-a49157ccebe11,dc03c1f3-b756-48ad-9881-a49157ccebe21
5c7d4d9f-ea4d-43c9-9add-fcccb691b368,0,1,0,1,0,2,0,2,0,1,0,0
5247abb3-21f5-465b-8909-98fa81daa089,2,2,0,1,2,1,0,1,1,2,0,0
689832e4-924e-4ed9-930b-f8905af831bf,0,0,2,2,2,2,2,0,2,2,0,0
1cdcc453-9511-4c79-9774-7b23a0b9184f,0,2,1,0,2,1,0,1,0,1,0,0
9a9f31e0-1faa-49c2-9532-2fa0ae7f9794,2,2,0,1,2,2,1,2,2,2,0,0
0f9ef6ab-1b4b-433a-93a5-ce326a77040e,0,0,2,0,1,2,2,2,1,0,0,0
1ab9af5e-c5d7-4d39-be39-0c2da3b482e2,2,0,1,1,2,2,1,1,0,1,0,0
7c58b43b-12e2-48ca-bd2b-e6c90fb0a819,0,0,2,0,0,0,2,2,0,0,0,0
a1287bb5-f191-4ae5-a5a0-71e8311a0767,0,0,0,2,1,2,2,1,1,1,0,0
28794f8b-db90-4d14-85b5-5d960558d95e,0,0,0,0,2,0,2,1,1,1,0,0
45e1eb88-5cef-4718-a25a-a632a508aca4,2,1,0,2,1,2,0,0,1,1,0,0
16ccd163-f682-43fe-9f38-ef715b47fa07,0,2,2,2,0,0,0,0,0,2,0,0
92c836a4-92b0-4299-b498-7ce4003c4076,0,2,2,1,0,2,0,1,1,0,0,0
7479a752-71da-48d5-a9f5-86b929be7ee0,0,2,0,2,2,0,0,1,1,1,0,0
411fe534-e184-4cd8-9746-8283710e6de8,0,0,1,2,1,0,2,1,0,2,0,0
e99f10b0-c80e-4746-85bb-68fcb420b645,2,1,1,2,1,2,1,0,1,0,0,0
50c5105a-c89f-4bd9-8b6e-9fb00bcb1465,2,0,2,1,2,2,2,1,0,0,0,0
3ce881db-0195-49f5-b665-38f9d7a4076e,1,0,2,2,1,0,1,2,0,1,0,0
6ccbbd58-7e4d-40e3-a32c-9b336dadda0b,2,1,2,2,2,1,0,1,1,0,0,0
d9cfc8a8-27c0-400e-8a1a-3a180482bb24,1,0,0,1,1,1,0,2,1,0,0,0
baf00f79-b06e-471d-8dad-9dc8a3bc9cfc,1,0,2,2,0,0,1,0,0,2,0,0
37553d93-b5a8-4ad4-81b9-70aff58445b4,1,1,0,2,0,2,1,2,0,2,0,0
e3df98a4-ebd2-4090-8482-3129e226c6f3,1,2,0,0,1,1,1,0,2,1,0,0
7f46a205-dbcc-45ef-b6ae-ec1dbaca31c0,2,2,0,1,2,1,2,0,0,2,0,0
2bb9aebc-17b8-4ca6-beef-6e3a4aa55e12,1,2,1,2,1,0,1,1,1,1,0,0
62da28ab-4dfc-47ea-8943-c8e0188ca6ff,1,1,1,1,2,0,1,1,1,2,0,0
e95b9d7d-f090-4b42-b797-4936cc177a6e,2,2,2,2,2,0,2,0,0,0,0,0
3ea4a7a6-fcfa-47a1-a6e8-9968985bb883,0,1,2,2,2,1,1,0,1,2,0,0
ab1a7331-f2eb-4f1f-891c-1f417e0cf715,1,0,2,0,1,1,0,2,2,1,0,0
7ff0f9cb-d81f-4581-9129-1629d2f08eb4,2,0,0,0,0,0,0,0,0,2,0,0
2b3cbfb4-7708-4599-b978-242546e69f0a,1,1,0,0,0,2,0,0,2,0,0,0
f6b1c571-7e9b-49d4-bfa8-e65ba5b6d037,1,1,2,1,0,2,1,1,0,1,0,0
6901bba8-31ca-4a96-ab20-3cf9e671e795,0,2,2,1,1,0,1,0,1,2,0,0
c7551cfc-e825-4ff1-b88e-0a6d3cf2c7d5,2,1,0,0,1,1,0,0,0,0,0,0
a95a8b6e-2187-4009-b88f-ad28d2b71233,2,1,0,0,1,0,2,1,0,0,0,0
09479c09-3fbc-4860-a087-7ba6b68daaa1,1,1,1,2,0,2,1,0,2,0,0,0
415cf54a-a791-4ec2-a7e6-96cafab733b9,0,1,2,2,1,0,0,1,0,0,0,0
4f98b4b7-bb7f-405f-8cf4-784d3baf80e1,1,1,2,1,1,1,1,1,2,1,0,0
5c6b3c9d-6faf-4000-a698-27a46321e757,0,1,0,0,1,1,1,2,0,0,0,0
ede44f45-6c17-42f9-aefc-3864cf7d6edf,0,0,0,1,2,2,0,2,2,1,0,0
4590c963-5d67-4e72-91e5-5271f33f901d,2,2,2,1,1,0,1,2,0,1,0,0
0fce25af-9291-44f9-a221-86d290fe48d2,2,0,2,0,2,2,2,1,1,0,0,0
8c4e68b4-fbc3-4b2f-bd60-1c8287bca4a4,1,2,1,0,0,1,1,2,2,1,0,0
65d8163b-ac92-4775-bd4b-fe15c146d817,0,1,2,0,2,2,1,2,1,2,0,0
9bc747b5-cf8a-4f16-8f35-2eee35708939,2,1,1,2,1,1,2,1,0,0,0,0
d3493ace-1da3-411f-b73a-2fdec1d3b583,0,0,2,0,1,2,0,2,0,0,0,0
189fe91d-c20f-4d72-b9f7-673c87414e1d,1,1,2,0,0,2,2,0,0,1,0,0
36fdf37b-3da0-4ee4-ba07-e1c0af46fc2c,1,2,0,1,0,0,2,1,1,0,0,0
90980b2c-639b-42c5-8e49-dca91742f27f,0,2,0,1,2,0,2,2,2,2,0,0
6d999865-be75-4edb-b1e3-432501f38ccf,0,2,0,1,1,1,2,1,0,0,0,0
a9cdd945-25a7-4795-823b-0d62845ecefb,1,1,0,2,1,1,0,1,2,1,0,0
3a7620ed-edaf-4fd7-ab57-bfede3fac6f1,1,0,1,2,2,0,1,1,1,0,0,0
591e55d4-79cf-43b4-840c-db62d6686cba,0,0,0,0,0,0,2,2,2,0,0,0
b57adaf1-358c-47f8-a5d6-e77bf28afdaf,2,2,1,0,0,1,2,2,1,1,0,0
16a9032c-d48f-4fcf-bee9-95c132f0ab00,1,1,0,2,0,0,2,2,2,1,0,0
4bb0628b-2ed4-4b13-add8-386c751d9b6a,0,0,0,2,1,1,2,2,0,0,0,0
9fa33fe2-ba1a-4578-a393-a9031cc7f4c7,0,2,0,2,2,2,2,0,1,2,0,0
edf7a7fd-208e-4ba9-a357-288508910f08,2,1,2,1,1,0,2,2,2,0,0,0
80bd16ed-0f2c-48be-8ad6-0675d6c4ac72,0,0,1,2,0,1,0,0,2,1,0,0
c0d56c85-3ec9-4226-b9d0-0f777c416815,0,1,0,2,2,1,1,0,2,1,0,0
b23e7d8d-f28c-4818-8ab3-40f6fa0c0273,2,2,2,0,0,0,2,0,0,0,0,0
3ba3e290-5d6e-48d7-815d-3b27af18314e,2,2,2,2,1,1,1,1,0,2,0,0
aa63aff8-c55e-493f-9491-1968f44994f5,1,0,1,0,2,1,0,0,1,2,0,0
ca0e6523-0b04-4e52-8fb0-0506ca423cc4,2,1,2,2,2,0,2,0,1,2,0,0
0ab934e7-867f-4664-ac2b-61a260ffeca6,0,1,1,0,2,2,1,0,2,2,0,0
159b7349-fb1f-47cb-865e-da5f10be9f82,0,0,1,2,2,0,2,2,0,1,0,0
7d7d1b15-85cd-4e8a-a215-e236dbc351ec,1,0,0,1,0,1,2,0,0,0,0,0
829305c3-4188-45a7-8e8d-e0d3fa8fd333,1,1,0,0,1,0,1,2,2,2,0,0
18e2d759-6136-4c5d-8401-6bca5bdf3edb,1,0,2,1,2,1,2,1,0,1,0,0
4453232f-1ef9-4f7d-8570-bb157d38332b,2,0,1,2,0,0,0,1,0,0,0,0
5ee0b7c6-9263-47ac-a64a-11c172a75a2b,0,2,1,1,1,1,0,2,0,2,0,0
78cc7478-4470-4c2d-88c6-f5e5ca8dc836,0,1,1,1,2,2,2,0,0,1,0,0
e6f4f2ae-eecc-4572-ae8b-d73d1423f1c3,0,0,0,1,1,2,2,0,2,2,0,0
5eafa8c8-ca0f-452e-aed6-7a30b54535e9,1,0,2,1,1,0,0,2,0,0,0,0
725404c5-3c2a-445e-ba76-1e6c8e36620b,0,2,1,1,2,0,1,0,2,0,0,0
f505a15e-1e56-41aa-bf33-6f673e466400,2,2,2,0,1,1,0,1,1,2,0,0
2d438d96-c0b0-4c56-90a2-8ac83d22fb04,0,1,2,2,2,1,0,0,0,2,0,0
fe35c0ac-8e51-450b-bc03-32aabdd4f11a,0,2,1,0,2,2,0,0,2,1,0,0
7e4a033e-617f-4dce-b922-86f020b52f70,2,1,1,1,1,0,0,0,1,0,0,0
c4b1602e-d7a9-464f-bb1e-2bb5e44236f7,0,2,0,2,2,0,0,0,2,2,0,0
0b2106c4-397f-472b-a0dc-2365233c1e47,2,0,2,1,0,0,2,1,2,1,0,0
048d442c-ec4a-4a6f-acb3-dfb1f8f3977d,0,2,2,1,0,1,1,1,2,1,0,0
2776f194-898f-47cb-ab65-6e89da7d0d9a,0,1,2,1,0,0,1,2,0,1,0,0
d678d11c-0a3e-497f-bb99-30e6bb1ddde7,0,2,2,2,2,2,2,2,2,1,0,0
c5214758-1f44-4eb4-b3f0-ff31daf45cda,2,0,2,2,0,2,2,2,1,0,0,0
9ed5c1ff-5003-4e74-979f-635eaf5dd20f,0,1,0,2,1,1,2,1,1,0,0,0
217125c4-8605-49fa-9fbd-82ea92bd2e2c,1,2,2,1,2,1,2,2,1,0,0,0
b96d5e5c-ead5-4ce9-9a47-a6d58236acd8,1,0,0,0,1,1,2,2,1,1,0,0
1364e36c-376d-4462-b3f5-6fc58fa92e97,1,0,0,2,2,1,0,0,1,0,0,0
2da0ae12-a846-4061-b68c-664ee56cfe60,0,2,1,1,0,1,1,2,1,0,0,0
b3367364-d27d-4a7f-b34f-e71173250738,0,1,2,1,0,2,0,2,1,0,0,0
ef0cb12c-7e90-4987-88f6-08ee86bd94bd,2,2,0,1,2,1,2,1,0,0,0,0
47fdb921-0efd-4ce2-8754-48110cdeca70,0,0,1,2,0,1,1,0,2,2,0,0
5a5f6e3f-8131-4e6d-85aa-8952f6b7d177,2,2,1,2,2,0,0,0,2,0,0,0
95546a36-d95f-4756-8af4-9beee964097c,0,0,2,2,2,0,0,2,0,0,0,0
f4065c52-a5a7-4e58-9fb8-be53c97cd65a,0,1,2,1,2,1,1,0,1,2,0,0
ef971d6b-85c0-494c-bb5f-c0dc5e051b19,0,1,0,1,1,0,0,1,1,0,0,0
7a690a8a-893b-47d0-a4e6-a6001fc7eb35,0,0,0,2,1,1,2,1,2,0,0,0
2ab288c4-3022-49ea-9929-e2a78b9cc65b,0,2,1,0,2,0,2,0,0,1,0,0
ab85d1f3-e8ae-4fb2-a38c-9d1a1938cddf,2,1,1,1,0,2,1,2,0,2,0,0
0d41ff13-544d-4687-9205-eba0249027bd,2,0,2,1,1,2,2,2,2,1,0,0
771a08a2-2e9c-4afa-95cd-fd697815fb81,2,0,1,1,0,2,0,0,0,0,0,0
4fc84fd7-9639-494f-bafd-a6dab9048115,1,0,2,2,1,1,0,2,2,2,0,0
dbaf117f-bec6-4dcf-99a8-885b125707e1,1,1,2,1,1,2,2,2,0,1,0,0
863706d7-d85e-4600-bb92-18d88e74f294,2,1,0,0,1,2,1,0,0,2,0,0
cca26188-be9a-4b59-83c8-0d5673cd4bd2,2,0,1,1,2,2,1,1,1,2,0,0
cebc73c3-224c-4566-95d5-7ff9c70b56fe,1,0,1,0,0,1,1,1,0,0,0,0
1c3d5671-b756-4c49-84e0-b990b4f5e30b,1,0,1,2,1,2,0,2,2,1,0,0
f09cdb74-1641-42e9-a050-334c222c1f1f,1,0,0,1,2,2,1,0,1,0,0,0
67093c5f-e297-40f9-ad63-f81e782a3f39,2,2,1,2,1,2,0,2,0,2,0,0
478e2dc3-3305-465d-a0c4-599b5c96c23a,2,1,1,1,2,1,0,1,1,1,0,0
c648d636-c279-4a35-b06f-1ca55f128d16,2,0,1,0,2,2,1,0,0,2,0,0
54c7f6fe-7b27-4f01-8170-6fa1a6f86bec,2,2,1,1,1,2,0,2,2,2,0,0
cf566a58-09fa-4b89-aff9-25e2d544f119,2,0,2,0,2,0,2,2,1,1,0,0
0c7a4a05-2758-42c2-9ccb-836bc6bf48a2,2,1,0,0,2,1,2,1,2,0,0,0
d59bf0c5-2c3a-4972-84f0-3af1cdb7a9dd,2,0,2,1,1,0,1,2,0,2,0,0
d7a855e2-b463-4cb9-8d31-62098ae52dce,2,0,0,2,2,2,0,2,0,2,0,0
427733a9-29fb-477f-bc1f-49d2c377b3ff,0,2,1,0,1,0,1,0,0,0,0,0
4340c04a-e57c-4ccd-94dc-bf68ca9163e1,1,1,2,2,0,2,0,0,0,2,0,0
57b8dee6-690a-4e91-819f-8840024273c2,1,2,2,1,2,2,0,2,2,0,0,0
0714f783-61b7-4232-a74f-cc4886fa62be,2,2,0,2,2,0,2,1,1,1,0,0
1afc27db-8eb8-4caf-bacf-64a8331cf4f3,1,1,1,2,1,2,2,1,1,0,0,0
f0bdbb3f-902e-46bf-80d7-a1ee5ecc389c,1,2,2,1,1,0,2,2,0,0,0,0
4f425a97-4897-43f9-8714-b349277ea26f,0,1,1,0,0,0,2,2,0,2,0,0
563b32e9-ae80-4f68-a967-28904662660e,0,2,0,1,2,1,1,2,1,0,0,0
9b6cc694-e625-4ce6-a41a-11474f1af906,0,0,1,2,0,0,1,2,1,2,0,0
f933823d-c656-4887-ae3c-069aeb810c60,2,1,1,0,0,2,2,0,1,0,0,0
524ce7ea-2a2e-4e80-a41e-6dd293d12880,1,2,2,2,0,1,1,1,2,0,0,0
b8d9f2b2-b041-4003-b54a-75721a14f042,0,1,2,1,2,1,0,1,2,1,0,0
1aa6ec8f-5f01-457f-845c-c5e36a6529ec,0,1,1,2,2,1,0,2,0,0,0,0
6b85c103-923e-42ce-97aa-aaa3277de595,1,1,2,2,0,2,1,1,1,2,0,0
7bf18e05-3f85-42f7-9dde-5c2f3c39ac7a,0,0,1,0,0,0,2,1,2,2,0,0
799999b6-da10-4c55-bf10-63c888fdad64,0,2,1,2,0,2,2,1,1,0,0,0
696d5abc-5a04-45fc-b764-c57381fc913a,2,0,1,0,2,2,2,2,2,1,0,0
d19383b8-8305-44a9-9931-2bca4d511659,1,0,1,1,1,2,0,0,0,1,0,0
837fa334-ec80-471a-95ed-8c4429107596,2,2,1,2,2,0,1,2,1,1,0,0
75faf0b2-f373-490b-a9e2-82601df62f34,0,1,0,1,1,2,0,2,2,2,0,0
6391b3f4-e8d5-44d6-add8-6cc4b984079c,1,0,1,1,1,0,1,1,2,1,0,0
fc8b3daf-8104-49b8-ba9c-40cf828798d5,0,0,2,2,1,2,1,0,2,1,0,0
41263bc9-c424-42cc-8e06-9a0345d6bcdf,2,2,1,0,1,2,2,2,1,0,0,0
39e90170-bfa0-40be-8ca9-3ae9a9298dc4,2,2,0,2,2,0,0,2,0,0,0,0
06ba357f-1edd-4e68-88f6-0188f3b64732,1,0,1,1,0,1,0,2,2,1,0,0
d3a8a6d4-d4e9-4b4e-824e-2171b3c4f218,0,2,0,1,2,0,2,2,0,1,0,0
49449fd3-51f7-4624-a52f-512d58573faf,2,0,0,0,2,0,1,2,2,2,0,0
494edfad-e407-4ca3-b718-9080e0082162,2,1,2,2,2,0,0,1,1,2,0,0
db28f8ef-e859-4c02-b5c6-be6887ee8147,1,0,1,1,2,0,1,1,2,0,0,0
84590dcf-eb19-47e3-8622-438d12684615,1,2,2,0,0,2,0,2,1,0,0,0
dfb84695-bbcd-4660-928d-cd32c3330ea5,1,1,2,1,1,0,2,0,0,1,0,0
ff4855a1-5490-43b3-b796-c903bb703c0b,1,0,0,1,1,1,0,2,1,1,0,0
1d296209-c1cc-4c8b-b09a-f3d305bff61a,1,1,2,2,0,1,1,2,0,1,0,0
7d2ee997-e86d-4a44-891c-775c9b64a374,2,1,2,0,2,1,2,1,0,2,0,0
92ecbfa7-c4db-40c1-8a3b-da54f9d3c5a9,2,1,2,1,2,0,1,1,1,2,0,0
e6d94e38-e2ed-4928-96e9-447fcde7d9ee,1,0,1,2,0,0,1,0,0,0,0,0
24809a45-657b-47e0-8db4-d108915cab8b,2,1,0,1,1,2,0,1,1,0,0,0
868bf75c-7e13-44bf-aaa9-25699696d5e7,2,1,0,0,1,1,0,0,2,2,0,0
2169d74f-d01c-424c-adb7-d774930ab621,0,0,0,0,2,2,2,2,2,2,0,0
da928bbc-6314-4962-87dc-e277e56e7894,2,2,1,1,2,0,0,2,1,1,0,0
7bd7a0a5-67e8-4c98-8e3c-d258ba2a49ae,1,2,1,0,0,0,0,0,0,0,0,0
44b5946f-8656-4729-9df1-35f6b3c8b7b8,2,2,2,1,0,1,0,1,2,2,0,0
4fc0ff22-028f-4b10-a585-a90d475dc230,0,0,1,2,2,2,2,0,1,0,0,0
faddd992-e7a6-4474-accd-341070b8d02a,2,2,0,1,0,1,2,0,0,2,0,0
c3074ad4-1fa7-452a-ad61-d684862c10c2,1,1,0,2,0,1,1,1,0,0,0,0
0e4481a4-609a-4cbe-af51-6f32987d0368,0,1,0,2,1,1,0,0,2,1,0,0
90612722-c0a2-4ddf-a163-371fb3153491,0,2,1,1,1,2,1,0,1,1,0,0
d55f463e-98de-4f36-b42b-8e1ecd6046d3,2,1,0,1,0,0,2,0,1,1,0,0
26f03b15-d0e9-4718-a790-42ae5737a9f8,0,2,0,2,0,1,0,0,0,1,0,0
4dff11e6-f734-40d6-904d-fe64bdf18fed,0,2,1,1,0,1,1,2,1,2,0,0
220a4abd-7726-4545-ac70-1f48b6a713d5,1,1,1,0,0,1,1,2,2,0,0,0
e0a0b174-d13c-47a5-9ecf-d053eca29ab5,2,1,2,1,2,2,0,0,1,0,0,0
95512c08-bb40-4038-a50a-e01e08d67d3e,1,2,2,1,2,0,0,2,1,1,0,0
1cd326c3-55aa-4136-a992-89dc493d5cb4,1,0,1,1,1,0,0,1,0,1,0,0
4c93b735-6f1d-4059-b3e2-f3fa41bad82d,2,1,0,2,1,2,0,2,1,1,0,0
9f3d2bf6-578e-4e50-8adb-ace819e95cfc,0,1,1,2,0,1,0,2,2,2,0,0
4f1ce2b1-5603-44d5-816d-3c73b2b6dbd7,0,0,0,1,2,0,1,2,2,1,0,0
3713c67f-a3d6-4114-a89c-3d81c7cacb7a,2,0,0,0,0,2,1,0,2,0,0,0
510b6e18-b88c-4542-b3a7-903540f05444,2,0,1,0,0,1,1,2,1,0,0,0
7bec1868-3584-4f81-9208-e34d8d300bca,1,1,0,0,2,1,1,2,2,2,0,0
3c34e0a8-7a56-456b-ba47-7b5ee767a3cd,0,1,0,2,1,1,1,0,0,2,0,0
81ea7823-2d81-4c15-9b5b-a9ab5e6bd731,2,0,2,0,2,0,2,1,0,1,0,0
683cbb11-ad9d-4f5a-9f5e-cef2a555f662,2,0,2,1,2,2,2,0,2,0,0,0
50e5e9ef-e0df-4eec-b62a-ba3be6313dd3,1,0,1,2,1,0,0,1,0,0,0,0
48df3257-c597-4749-b1d6-ed914c4cbd33,1,2,1,2,2,1,1,1,1,1,0,0
ad546f7c-d8e7-43fc-ad0a-27a50d47b566,2,0,2,2,1,1,1,2,0,0,0,0
1d6b23e0-9868-43c0-a31f-84ca35637b17,0,2,1,1,2,2,1,2,1,2,0,0
98836b9b-ac3b-42a2-9d47-86f342930648,2,0,0,0,2,2,1,0,2,0,0,0
fec77b08-27c6-4994-81d4-4fb8a3b99110,1,2,2,2,1,2,0,0,0,2,0,0
0bf22cfd-5841-47d6-a7cd-6fff26d48697,2,0,2,0,1,1,0,0,0,1,0,0
7b655d1f-91c9-475a-adcb-be5b6af058c1,0,2,2,2,0,2,1,1,0,0,0,0
9ab2ce5f-1eb6-4c5c-b86b-1cc6d48f1609,2,0,0,2,0,1,1,1,1,2,0,0
0c22967e-96d8-480e-932e-dff525aeb740,1,1,0,2,1,2,2,2,0,0,0,0
05b31c68-283d-4769-9b87-ff2ceec5686a,1,0,2,0,2,0,0,2,2,0,0,0
67f7cf84-7b84-4a32-8a5e-2d9b8a2e973c,0,1,0,2,2,0,0,0,2,2,0,0
824d248c-30bc-4059-8132-a5ebcbf3ac2b,2,1,1,0,0,2,0,0,1,0,0,0
c105004a-f886-4e53-ab5f-c0f685f1fc50,2,2,0,1,0,0,2,0,1,0,0,0
78317477-139a-4fcb-b51f-2b9568fa88c2,1,1,0,2,1,0,0,0,1,0,0,0
6974d96a-209a-4f2a-85c9-5555816677b5,1,2,2,0,2,2,0,1,1,0,0,0
bcac5d6e-6102-453e-a0ac-140cb545d9f2,2,0,0,2,2,2,0,0,1,0,0,0
38df2ec1-b19c-4d46-9caf-3c36060fc158,1,0,2,0,0,2,2,0,2,2,0,0
529dc3f0-bf92-4fc9-9890-205b3bfc3190,0,1,1,2,0,2,0,2,2,0,0,0
dc1c1cbf-ce35-4d81-8b92-f7a0549b4881,2,0,0,2,1,2,0,2,1,0,0,0
0e44850f-494b-4dd6-ac69-aa779cab6c70,1,0,0,0,0,1,0,0,1,0,0,0
2a8846b3-05e5-45c6-9907-b6a0f9acf3fd,0,0,0,0,2,0,1,1,2,1,0,0
8963d7dd-6e35-413b-b857-8705e01f5686,0,2,1,1,2,2,0,1,1,0,0,0
a572475b-8ed3-4c82-aec3-5475014707d8,2,2,2,0,1,1,2,1,1,1,0,0
92ce277c-2c98-4f5b-9440-478e8a812ef6,2,2,0,1,1,2,0,2,1,2,0,0
3b8a6d2f-ae4d-4668-ba41-a586e6524841,2,0,0,0,0,0,2,0,2,1,0,0
d26a3f61-c633-4055-ae74-c5d393b95956,1,2,2,0,0,0,1,0,1,1,0,0
a2324a64-6ed2-4635-8085-85da07f76a9b,1,0,0,0,2,0,1,2,0,1,0,0
9d68090f-de43-43c7-900d-0a5414ecac3e,0,2,2,1,1,2,0,0,1,0,0,0
4ccbfe56-5ee4-4702-a8d9-df351f059898,0,2,0,2,1,0,2,2,2,0,0,0
6b6923a3-5172-496d-9425-98c780c826ce,1,0,2,0,0,2,2,1,1,2,0,0
8cc0abb7-ab07-42fb-bd98-1e8daaad9b18,1,0,1,2,0,0,1,2,1,1,0,0
acea890d-4d2a-4e87-9fc7-d656a43e779c,2,2,1,0,0,0,2,0,2,0,0,0
5ba152fe-542a-4099-9ce3-11e20b7d5818,1,2,0,2,0,0,1,1,1,2,0,0
bbfd2f59-e3e0-4e1c-b526-350d34cb62d5,2,2,1,2,2,1,0,1,0,1,0,0
9fb843b6-09a5-4c2f-8cb2-792d623f05eb,2,2,1,2,1,1,0,0,0,2,0,0
c11ffafd-6212-41e3-aebe-a2452a568842,2,0,2,1,2,1,0,1,1,2,0,0
83e59eae-5bf9-42e3-b1f1-308d61ff4f29,0,0,1,1,1,1,0,1,1,1,0,0
3f882856-ef24-42af-a5da-3745304255c8,2,2,1,0,2,0,1,0,0,2,0,0
fb41b0a8-88d2-4d37-8757-d0f2fa8868c1,2,2,2,0,0,2,0,2,2,1,0,0
7551c1b5-1ee6-4000-83d8-6cd101043257,2,1,2,2,1,2,1,1,2,0,0,0
7ecc65e4-b5f6-468b-a896-d00aca61dc85,2,0,0,1,2,0,1,1,2,1,0,0
c87673ab-3085-4244-b032-a6633c92ed1e,2,0,1,1,2,1,0,2,1,2,0,0
483fd34f-0e59-4b22-9e7b-b4f101a29a09,1,2,2,1,2,1,0,1,0,2,0,0
40f938a3-fb5d-4aa7-8d51-9d520531a2ae,2,1,1,2,2,1,0,1,2,2,0,0
9156c503-2bd2-4897-92a6-d244bf843c3e,1,2,0,0,0,0,2,2,0,2,0,0
1bd52f00-b340-436f-b73d-9e943d9f1167,1,1,0,0,1,1,0,0,1,0,0,0
bcce6373-87b0-414d-b4c0-f908efda2a65,2,0,2,2,1,1,2,2,0,1,0,0
da7bb9ce-4cb6-4bd2-9af5-a11fb3ffe6e0,0,1,1,0,2,0,2,1,0,1,0,0
3babd5a7-17eb-4bc4-9c50-2b411584fa6a,2,2,2,0,0,1,1,2,1,0,0,0
757439a5-c654-4ad4-91e9-08c5cd28c1bc,0,2,0,0,2,2,0,0,0,0,0,0
b5a83141-0538-4262-a81b-5907050e7d0c,2,0,1,0,2,1,1,2,2,1,0,0
9be6e6bb-a4a3-4916-a295-399814ffb1bb,1,1,2,1,1,2,1,0,2,0,0,0
ce7f9124-ba21-4682-9e3a-660a921396e2,0,2,1,0,0,1,0,2,1,1,0,0
c3ad35c2-9dca-4990-8538-4f7a9e8c90a5,1,0,0,1,0,0,1,2,2,2,0,0
597eca4b-746f-42bc-ba25-360f45d703f6,2,0,1,1,2,2,2,2,2,0,0,0
a7c182fe-01e7-4ccf-9da5-56ecd40444e0,1,2,0,0,1,2,1,0,1,1,0,0
b4dbd496-f60e-4c1c-80ff-d046df707d7b,2,2,0,1,0,1,2,2,1,1,0,0
ea33dce5-c489-4aaf-8ae0-f2abedcc8d2f,2,2,0,1,1,1,1,2,2,1,0,0
c6fb6d7c-4210-4044-bc7d-e7bf90a50d0b,2,0,0,2,2,0,1,1,0,1,0,0
95d9cc44-3cc2-4c18-b3a7-fc289d9cc198,2,2,0,0,2,0,2,0,0,1,0,0
aaa514d5-0449-4b2f-a0b5-e131978701c6,1,1,0,2,0,1,0,1,1,0,0,0
77ed3fdb-eadc-40b0-a260-92691d4265e8,0,1,0,2,2,2,2,1,1,2,0,0
3886280e-f79f-4da6-83d9-81abe2814f23,1,2,2,1,1,1,2,2,2,1,0,0
024107e2-b0ac-4f5a-9e94-e411f043e5e5,0,1,1,2,0,2,1,1,2,1,0,0
db651b20-cb6b-4f67-9365-8f4af5e896a2,1,2,2,0,2,1,2,0,0,2,0,0
70add9ba-8c13-4bf5-b0b0-6cc7ee77e34d,0,0,0,1,0,1,2,0,2,0,0,0
37eac719-4c78-4467-9d9d-b363057a7247,1,0,2,2,2,1,2,1,1,1,0,0
60fd4610-a7cb-4399-84fc-f665944b9b26,1,0,2,2,1,2,0,1,0,0,0,0
fad62493-b04a-4d1b-80dc-0f6ff2435761,1,1,2,0,2,1,1,0,0,2,0,0
dd21e795-5895-452e-9bec-0bf935df3b52,1,1,1,0,2,2,2,1,0,0,0,0
a24c0d5b-1f43-423c-8274-cf83a0421bb9,0,2,2,0,2,1,0,2,1,0,0,0
21b5d4e3-de6b-4ca1-b9b5-272eee8123ba,2,2,1,1,0,1,2,0,2,1,0,0
aa0c9455-635d-4635-b52e-3ee8a61608be,0,0,2,0,2,1,1,0,0,1,0,0
56608bea-d78f-45eb-9530-33b2b54bd082,0,2,0,1,0,0,0,2,2,0,0,0
1d781c18-0d6b-463b-ae68-5da9e40ac5f4,2,2,1,0,1,1,2,2,2,2,0,0
e31bcc0c-8799-4add-a5f7-3f460ebcda6d,0,0,1,0,0,2,0,0,1,1,0,0
a56a3a38-acb3-4c3a-8c89-ae974c0823fc,0,0,2,2,1,1,0,2,2,0,0,0
0b2d22b2-a18a-4440-bc1e-a28a469304e4,2,2,1,0,2,0,1,2,0,2,0,0
32151df4-dccd-430e-978e-02054cca10fe,2,2,0,2,2,1,2,0,1,1,0,0
746c9187-dfda-4b47-b951-fccc3a5ea385,2,0,2,1,1,1,2,1,0,1,0,0
2a787889-73b1-4aac-89ef-6525d5bc4940,1,2,2,2,2,2,0,1,2,1,0,0
9f1204bb-d80e-487d-92eb-ea805689c983,0,0,1,1,1,0,2,0,2,1,0,0
d78e4b9e-ca1a-44de-91bc-c82be640ac3c,1,2,1,2,2,0,2,1,2,2,0,0
8b4a9368-315c-4bff-a68e-d48e12d50d1e,2,2,0,2,2,1,0,1,0,1,0,0
39e1bd07-489b-4bb5-a205-5b1b88d7598b,2,0,1,1,1,2,1,1,1,1,0,0
7ff3f13a-7f65-45d3-9c9d-990180f23b2f,2,2,2,1,1,1,0,2,1,0,0,0
ba1f10fe-cf41-4194-a0c6-7f68472f71a6,0,2,2,2,0,1,2,0,1,2,0,0
e5035d45-31ba-4f38-a600-8c87a83880e9,1,1,0,2,1,1,1,1,0,1,0,0
0375cd6f-07f6-423f-ad2c-a5d31dfde3f9,1,0,1,2,1,0,1,1,2,2,0,0
cba4d641-840a-4589-80c9-20fbf3c6d6f2,0,0,0,2,0,1,1,1,2,1,0,0
fd120737-22c6-49b4-85d7-0ccb9b395b5f,1,2,0,0,0,2,0,2,1,0,0,0
ef092679-b5a7-4863-b642-17fe63073650,2,2,1,0,0,2,1,1,1,0,0,0
a593724a-24fc-41d1-8b75-0ab132d5db3a,1,2,0,2,2,1,0,1,1,2,0,0
54114191-752c-4bcb-b565-e92bc5d4928d,0,2,0,1,2,0,0,1,2,0,0,0
edf2c9df-a4c2-4089-9a7b-069e85dc93b3,1,1,0,0,2,1,1,2,0,1,0,0
554c161d-fc64-41fe-a55c-de19e877d20d,1,0,0,2,1,2,1,1,0,1,0,0
0df0025e-327d-4cad-9e28-05a18bb662f1,2,1,0,1,0,0,1,0,0,0,0,0
d2128924-75e8-4792-93e8-40da88c6c381,1,2,2,1,2,2,2,1,0,2,0,0
8f1f0482-5c4f-47ff-b0da-6b5ce195bcfe,2,0,0,2,2,1,0,0,0,0,0,0
b81b222c-31a1-48ff-8abd-d415ab6e665e,1,2,0,0,0,0,1,2,1,0,0,0
29446834-7537-4642-a73e-3ff252da7f0b,1,1,0,0,1,0,0,2,0,2,0,0
f229f519-de68-4c18-a6d2-de83e17667f4,0,1,1,2,2,1,0,0,1,0,0,0
3a2ed2f6-a353-4c4f-847d-6e433ab848f5,0,2,1,0,1,0,1,2,0,2,0,0
d5cd44e1-b6c9-4ab5-930d-852d2a623832,1,2,2,1,0,2,0,2,0,0,0,0
502dec3f-76ca-49c5-8cde-910b00c5c8b7,0,0,2,0,2,0,1,0,0,2,0,0
25d6a81a-d0b3-469f-9d3c-f9e00a969abe,0,1,0,0,0,0,2,2,2,2,0,0
4744eda2-3ea7-4e59-987d-2816e406a956,0,1,2,0,2,0,1,2,1,0,0,0
e031d511-4843-4324-891e-b8ea71610b01,2,1,0,1,0,0,2,2,1,1,0,0
af6f3b2b-a812-4709-b2eb-699ecb5160ae,2,2,0,2,0,0,2,2,1,1,0,0
dfbc1d7f-31a3-42f9-adb7-d97b7ca40eb7,2,2,1,1,0,0,1,0,1,2,0,0
3d6748f8-d690-48b6-8c39-2b48863bc035,1,0,0,1,1,2,0,1,2,2,0,0
a4b6879b-d22a-40f6-a915-e3cb0e9732d6,2,0,0,1,1,0,2,1,1,2,0,0
6a682038-1d18-449f-b372-d029b5fb22bc,2,2,2,1,0,0,2,1,1,0,0,0
f9c5bf5c-047a-40a9-b6e8-76c14b2d4c38,0,2,1,2,0,0,0,1,0,1,0,0
10aec852-62e4-4ea1-9726-797bb37ebe7a,2,0,1,0,2,1,2,1,2,2,0,0
5205c7e1-990a-4f9f-8fe7-67c7f018d31a,2,0,2,0,2,0,1,1,0,0,0,0
fa13cfc6-133e-4d63-b706-789f29205724,2,2,0,0,0,0,2,1,0,0,0,0
68fc3a13-3f78-4a19-b06c-d9d915fc6614,2,0,1,0,1,2,1,1,2,1,0,0
eec1b20c-cfd9-4a79-912a-b2d23d1507c2,1,2,0,2,2,0,0,1,2,1,0,0
d62b99f1-f83e-4459-8cda-25f77873794e,2,1,0,2,0,2,2,1,0,2,0,0
5963de9e-fb12-4aff-8269-aee8abbef947,1,2,2,0,2,2,2,2,2,2,0,0
348ce3f8-de7e-4e2c-aef6-19fad7ae2d36,0,2,0,2,2,2,1,2,2,2,0,0
0fefbe25-42d7-473a-91db-ee79e18322fd,0,0,1,1,1,1,0,0,2,0,0,0
ee8569ab-35d8-4194-be84-280e097fa605,2,2,2,2,0,1,1,0,1,2,0,0
b05c6f42-6184-4e28-8b35-72f1a53d4f96,0,2,0,2,0,1,2,1,0,0,0,0
af59041b-4bf2-410d-9afb-7f18c92cae38,2,2,2,1,0,1,0,1,0,0,0,0
db9a7cd7-4eac-420c-b5c5-90e398f2bf3b,0,0,1,2,2,0,2,2,0,0,0,0
f8596e69-bbe4-4242-99bf-dce80e10211f,1,2,0,2,2,1,0,1,1,2,0,0
37182185-4c68-4904-b434-3554f33a58e2,1,0,2,0,2,1,0,0,2,1,0,0
96ba007c-594a-452b-8b4e-93362d199cb7,2,2,2,2,1,1,0,0,1,0,0,0
87428fa5-cdeb-49f0-a411-8ecd2f4d1eae,1,2,2,2,0,2,2,2,0,2,0,0
7f551533-aac8-42ff-a8e5-632a529e677e,2,2,1,2,0,0,0,2,0,2,0,0
16f6fb25-b2f7-4c9e-810e-7218ad911f38,1,2,2,0,1,1,1,2,2,0,0,0
232f885b-3a3c-4979-82e8-ceded2e42e57,0,0,0,0,1,0,1,2,0,1,0,0
b626d105-c901-43cf-8dca-8eb463d9c11a,2,2,0,2,1,2,2,2,1,1,0,0
73112dd9-8439-472d-a58b-6b247a56665c,1,1,0,2,2,1,1,1,0,1,0,0
63aeb277-3b47-4d5e-8827-61ea7d25a12e,0,2,1,1,1,1,2,2,2,1,0,0
b84ce337-3ff6-4add-a076-5860fa55f808,2,1,2,0,0,0,0,1,2,2,0,0
09e6a5fe-2dea-4b3d-b3c7-238ac6436750,2,1,2,1,1,1,1,1,1,1,0,0
3b7f781c-9e98-4d00-b028-c882cb0cad2f,1,2,0,1,1,0,0,1,1,0,0,0
ab3654ca-18b8-4bb7-aad4-359df177e632,1,0,0,0,0,1,0,2,0,0,0,0
ed91c2ff-94be-48a9-a3ee-4128f1b66469,0,0,2,0,2,1,0,0,1,2,0,0
9a44b0be-e7d5-4903-96a9-cbef08dc4561,2,1,2,2,2,2,2,2,1,0,0,0
f1934cf3-2844-44e8-9c61-39a8b3dfd3b9,0,2,1,1,0,0,2,2,2,0,0,0
c0723120-b1bd-46c3-a90e-3cda9c0defee,2,0,1,0,0,2,0,0,2,2,0,0
335fead9-b41c-4a8b-88bc-e0af3f470087,1,0,2,0,0,1,1,2,2,1,0,0
1f5d5082-50ca-4c2a-bfd8-534781ce99ae,2,2,2,1,2,2,0,0,0,1,0,0
a7cb7054-5bb7-473f-8e36-8d3b8ebe70fe,2,0,2,2,2,1,2,2,0,1,0,0
aaf6fd61-4cbc-4eba-b2b2-bdfdf71b3bca,0,0,0,0,1,0,2,1,1,2,0,0
9cf4aba0-0cd9-4ab5-8f75-11cc798fbc48,2,0,0,1,1,1,0,2,1,0,0,0
88c25737-f1a3-4d0a-b612-4d10f66164b9,0,2,1,0,2,1,2,2,2,2,0,0
e0954cd1-7ba0-423f-90d0-2fee6e256135,2,0,2,2,2,0,2,0,2,0,0,0
4ea929ba-240c-4cd6-9251-337b84ceb595,2,2,0,1,2,2,0,1,0,0,0,0
73167f15-ef14-453a-8c1d-0bfb5bca572d,2,1,2,0,2,2,0,2,0,0,0,0
37bec985-cc70-4d6c-ac61-6c47c90a413c,1,0,1,0,1,2,1,1,0,0,0,0
be38758f-54d0-4536-8961-a397f27b9b67,2,0,2,2,0,0,1,2,1,2,0,0
9606aca3-b582-41f9-beb9-c1a1c1c0e9d1,1,1,2,0,1,2,0,2,1,0,0,0
148c93ee-486f-42a1-82df-fb8b4fcb5cac,1,2,0,0,1,2,1,0,1,0,0,0
c966d650-2d83-494d-8d08-fb0ba7405126,0,2,2,2,0,2,2,2,2,1,0,0
d7d25c7f-6e5e-4b22-96e1-2a0df3d99ff3,2,2,2,0,0,1,1,2,0,1,0,0
39accc11-5f63-4432-80d8-56ea6cd41e78,2,2,1,2,0,1,1,1,0,0,0,0
9953360d-7d42-4482-acb2-19e6ab197697,2,2,0,0,0,0,0,1,2,0,0,0
81c65722-484c-4b2a-ad3d-acc0986b8a1e,2,1,2,1,0,1,2,0,2,1,0,0
bfa5090d-ce80-4cf6-a780-3bb714e8e5b1,1,1,1,1,1,2,1,2,2,1,0,0
1868e67a-0eae-4996-826a-6aec31ac2557,0,2,0,0,2,2,0,1,0,0,0,0
44616741-37f7-43e6-9e46-44fcc8a92911,1,1,0,2,1,1,0,2,2,2,0,0
0d2ae3ed-ab97-4c9b-9d1d-de6f5b614a5d,1,0,0,2,1,1,1,1,0,2,0,0
60aa2cf9-fafe-436f-a768-230e3a726938,0,2,1,0,0,0,0,2,0,0,0,0
7389a229-3705-4c0f-860c-36c2bde8de94,0,2,2,2,0,2,1,0,2,2,0,0
dd5d7998-ab17-4e45-9467-36ea0688d5be,2,0,2,1,0,0,1,2,2,2,0,0
4fe0b6a8-95ab-4fde-a54e-f8898f87bf29,2,0,2,0,1,1,1,2,0,0,0,0
2b58d784-e6c5-4585-94f4-51a7f9222984,2,1,1,2,0,1,1,2,0,0,0,0
f24a2ac5-05a0-4a51-84b0-75c63e3bdcdc,0,1,2,2,2,2,2,2,0,2,0,0
291c1004-b75e-436a-85ed-9064bd8fcd83,1,1,1,0,2,0,0,0,0,2,0,0
04794624-51b2-49a7-a0e2-086ae75dd84b,2,2,1,0,0,1,2,1,0,0,0,0
c32b9def-cb7d-4688-8074-ffe3dd25c89f,0,0,2,1,1,2,2,0,1,2,0,0
a00fa98c-ad0a-46fd-8bb3-bebc9a3a3c4c,0,2,2,0,0,1,1,2,1,2,0,0
1e33bb13-1c2d-4e39-aad4-28a26807bf3f,2,0,2,0,0,0,2,0,0,2,0,0
c37e213a-2241-4c03-a0e0-014cc9b73a72,2,1,2,0,0,2,2,0,2,0,0,0
1f295399-48f9-4260-9e49-5dec09afdd52,1,0,0,1,2,0,2,2,2,2,0,0
dac01d71-621f-4606-9903-76da614fc5f3,1,0,0,1,0,1,2,2,0,0,0,0
bc3aaa74-4e4a-44e8-915c-8655693bd900,2,0,0,1,2,1,1,2,2,0,0,0
75820c60-d53a-4df7-88e9-bdbc8defacda,1,2,0,0,2,1,1,0,1,0,0,0
a37bb3fd-8f8f-4e4d-b3d2-1b2be35b2e01,2,2,2,0,1,0,0,2,1,1,0,0
a7fe7971-c30d-486f-94c5-3f54695a929a,0,2,0,0,2,2,0,0,2,0,0,0
af593b3a-3c71-411a-bac0-1da9d40b25d4,1,1,2,2,2,1,2,2,2,0,0,0
1d75f81f-a06d-443e-bb94-311494dc75e9,1,1,2,0,0,2,0,0,1,2,0,0
36931b81-eedb-4d46-a6f1-6328fd910ce7,1,0,0,0,2,1,1,1,2,1,0,0
27418946-3197-4a53-bfa0-85b7cdbc9cf5,0,0,1,1,2,1,2,1,1,2,0,0
f364d96d-4a43-44ea-856d-edf1c174fad4,0,0,0,1,2,1,1,2,2,1,0,0
a5e0a1ed-7390-496f-a77b-3c125fd7c58e,2,1,1,1,2,0,1,0,0,0,0,0
265f314c-49c5-498c-a7fa-5a2aad71c7aa,1,1,2,0,1,1,1,1,0,1,0,0
bef98b75-0593-470f-b4e7-a6501b49fc29,0,1,2,0,0,1,0,0,0,0,0,0
ff7112a4-e559-441d-88f7-bd498c255c92,0,2,1,1,1,1,0,1,0,0,0,0
bae3efd3-7e57-4932-9f9d-15a3c885c31a,1,2,1,2,2,0,1,2,1,0,0,0
015aad15-26c8-403c-8bca-0bbcc61598d4,0,1,1,1,0,2,2,1,1,2,0,0
5da6e313-e2b5-4a4c-9c60-cb64179d9a5a,2,1,1,1,0,2,2,2,0,2,0,0
26e44026-b9df-4bd6-8352-d9a5ad653315,2,2,0,1,0,1,2,1,1,2,0,0
20db05a2-c9aa-4273-a336-4a28dff092f7,1,2,1,0,1,2,1,1,0,2,0,0
32358462-70b8-4058-b9f7-9f70ce962e12,0,1,0,0,0,2,2,2,2,2,0,0
5dff5d53-29a0-498e-9e7b-55221085afe6,2,1,1,1,1,0,0,2,1,0,0,0
92c4f662-6910-47a5-8ed0-0ce38a4ac3b0,2,1,0,0,0,0,2,2,0,1,0,0
84e27c60-03ee-4159-9419-09808fcd6dec,0,1,1,0,2,2,1,0,0,0,0,0
c5231032-18c2-4377-b345-cbf495b7b679,0,0,0,0,2,1,1,1,1,1,0,0
671bb81b-f35b-4be7-b71b-201e05e736f7,1,0,0,0,2,0,2,2,0,2,0,0
953fb739-17ad-483d-b2c7-ab65a6d73821,1,1,0,0,0,2,0,2,1,0,0,0
248f2824-fbd7-4453-a6cf-cf8fb25e6621,2,0,1,2,0,2,1,0,2,2,0,0
ee557093-f60b-402e-b431-924bbaf7466a,0,0,2,0,1,1,1,0,0,1,0,0
c340af96-127d-4b1f-b76f-22cdf593c88d,2,2,0,0,2,1,2,0,0,0,0,0
a731c97a-2ded-4225-8cf8-8e8dfc100e6e,1,0,1,1,1,0,1,0,0,0,0,0
6172ae80-7d77-4325-ad80-cde6c2b63aa6,2,2,2,2,1,0,1,2,1,0,0,0
2db1bd70-58f8-4071-b9ce-5d00239d6488,0,1,2,2,0,2,2,1,0,2,0,0
d900382d-6ccf-42df-962a-1845a2a12ca1,2,1,2,2,2,1,0,1,2,1,0,0
16b126d0-4aa0-41c6-a2b6-5c97850b277a,2,1,2,2,0,2,0,2,2,2,0,0
4f5a7e8c-cf19-49da-9fce-e04b00cd7b70,2,1,0,0,0,2,2,2,1,1,0,0
217f6e00-3c80-48bc-b32d-35c7c8f50efe,1,2,0,2,1,1,2,0,1,1,0,0
d18a9019-a05a-47fb-92e8-ac828735d353,2,0,2,1,2,0,2,2,0,1,0,0
bc7f2bb2-c43d-4077-86a0-2bb348c8ccac,2,2,2,2,2,1,0,2,1,2,0,0
d3957b25-5211-4edb-92ed-ab94721d8f02,1,2,1,2,0,0,0,0,2,1,0,0
aefb1395-7ebe-4966-b2f3-fbef8b434278,0,1,1,2,1,0,2,0,0,0,0,0
971be0a9-f2b6-472c-990b-3f539dee9f45,0,1,1,1,1,0,1,1,2,1,0,0
7d09929a-02c3-4c38-9ed3-772592cc14e1,1,2,0,1,0,0,2,1,0,2,0,0
3193c242-489f-41c3-8015-32999e1388f0,0,2,0,1,2,1,1,2,0,2,0,0
e7bd02fa-0a40-4a24-a9b3-3fb3c6ef998c,1,1,0,2,2,1,0,0,2,0,0,0
c7a7d974-d94b-4571-872e-f2069c7d2d8b,1,1,1,2,2,0,1,1,1,0,0,0
1c996e0d-062c-4af7-a8f2-d03afc462c11,2,2,0,2,1,0,0,2,2,1,0,0
7ccd0caf-d83e-40cc-8cf8-4540bd8e8857,1,2,2,0,2,0,0,2,2,1,0,0
c9ba616f-2264-4b25-991d-ba76e1617029,1,0,2,2,2,2,2,0,0,0,0,0
b9fd802c-8f7c-4cb9-a919-72d2097622c8,2,0,1,2,2,0,2,1,1,2,0,0
38c2be0c-6159-4c4a-a736-7be7592ac8d4,0,0,1,2,1,0,2,0,2,0,0,0
34d81ec1-0562-4f16-82b1-a3f56ebb72a5,2,0,2,1,1,0,0,2,0,2,0,0
1133e62f-e9d5-4592-9f71-e7a184372f1b,2,1,2,0,0,0,0,1,2,2,0,0
b72fdb10-d669-44b7-8f0e-21bc136c4a6d,1,1,1,2,2,1,2,1,1,1,0,0
a8e704ed-8216-44c0-bc87-0eda626bad70,1,2,2,2,0,2,2,1,0,2,0,0
d1534b3c-b79d-4399-99ca-9893f819bbf0,0,2,2,1,0,1,2,0,2,1,0,0
7009c59d-8ab6-4e64-b93c-7651a38bfd9c,2,0,1,2,2,0,2,2,2,1,0,0
4856f2fe-8342-4a3b-9897-1009ea85c324,1,2,0,1,1,1,0,2,0,0,0,0
735cebee-6c2f-4997-9e76-7c4676130365,0,2,2,1,0,2,2,0,0,0,0,0
7aa33eca-e187-4f02-9e36-a582fe2ee82e,2,2,1,2,1,2,0,1,2,2,0,0
b393eaad-1daa-483b-ab20-ef7f251cf11e,0,2,2,2,2,2,2,2,1,1,0,0
841ab2de-6de8-4096-a0cc-741464cda96b,0,1,0,2,1,2,1,0,1,0,0,0
491d188c-b6d4-4699-b5bb-90b40bb6e500,1,2,2,1,1,0,1,1,0,0,0,0
1f2da366-e873-4234-aac2-112a66daac68,0,1,0,1,1,0,0,0,2,0,0,0
d0b3059b-d4ff-475c-a959-9d3ef62bd361,0,1,2,1,2,0,2,2,2,2,0,0
465a3ad8-1b29-48ae-86e6-cf482e83149c,2,2,0,0,2,1,2,2,0,2,0,0
6b04a482-e69d-4715-bb99-b19a266fce63,1,2,2,2,0,1,2,1,1,1,0,0
b4cc8c07-e0c0-430e-834d-546c87ef5fb4,0,1,2,0,0,1,0,2,2,2,0,0
6f877419-94c4-43a1-9503-79294ef187d3,2,0,1,2,1,1,1,1,1,0,0,0
b4440bb9-689c-4e9e-a151-a35e9cc567ed,0,2,1,0,0,0,0,1,1,1,0,0
ad083cdc-63a0-4749-87fe-0eb1082f2950,0,1,0,1,0,0,0,2,2,2,0,0
94674594-3e76-4253-9cd1-cf6841438218,1,0,1,2,2,2,1,0,0,1,0,0
726c6736-ab9c-4856-afc6-bd313deece7e,2,2,1,0,1,2,1,2,0,2,0,0
0f53d28b-6c48-442f-8f85-896b00c15571,1,0,1,1,1,2,1,0,1,0,0,0
10960efe-959e-461a-8306-0032e7765857,1,2,2,0,1,1,0,1,0,1,0,0
bcc9b8d4-08c2-4240-abaa-b2909ce24c97,1,2,0,1,0,0,2,2,2,2,0,0
aa0bbc8f-0dfc-43e1-9729-23b40cc783dd,0,0,1,0,1,0,2,1,2,1,0,0
06ffa465-24dd-4c80-9ae2-4dab1a296159,1,0,2,0,0,2,0,1,1,1,0,0
489490d4-89c9-4396-b7ef-a019b23b61d4,0,1,1,2,2,2,2,1,2,1,0,0
35f97aed-959c-40d1-8a23-24bd32baa04a,1,2,0,0,0,1,0,0,0,2,0,0
0304caae-6273-4351-839f-4630f236c704,2,1,0,2,2,1,2,1,0,1,0,0
4c97b213-54c4-411d-8f6d-edb4f81d5c78,2,2,1,0,2,2,0,1,1,1,0,0
dd0ee738-aa6f-4357-a8a7-57fe571171c4,1,0,1,1,0,2,0,2,0,2,0,0
fb7813bf-eb19-421f-acc4-5f0b817d80c6,2,2,2,1,1,1,1,1,0,1,0,0
d15a86f1-a665-401b-a655-224e77b657b1,0,1,2,2,1,1,0,0,1,0,0,0
20a83dba-3ca0-4e47-affc-953d0f48bd62,0,1,0,2,0,0,2,1,1,2,0,0
e05c719e-a9de-4af1-a806-2c86db31b071,0,2,0,1,2,0,2,2,1,2,0,0
7684d455-5f72-4d17-8fe8-d8be52effde9,1,2,1,0,2,2,0,2,1,1,0,0
3c0663de-36cf-4fa8-b1a1-579aac214304,1,0,2,0,0,1,0,2,0,2,0,0
6951f2f2-56ab-48e1-90ad-4da60ff5bcc1,1,2,0,2,0,1,0,2,2,2,0,0
63137b41-8c5e-4ef6-b6a2-cd998ba20076,1,0,1,0,2,1,0,1,0,2,0,0
e5a98559-04a6-4b7d-863f-96670577d214,2,2,1,1,1,0,0,1,1,1,0,0
38b692d5-c126-4c5a-8f68-b1a3de0850df,0,0,0,0,2,0,1,2,2,2,0,0
5ab59d1f-f2cc-4727-8b3a-fb7da7666949,1,2,0,2,2,0,0,1,1,1,0,0
1dd1bfb9-e7a0-44bf-8e29-a09d3546ee37,0,1,0,2,2,1,1,2,0,1,0,0
d67c7df3-8691-42c5-85db-f4e2936237ea,2,1,0,1,0,1,2,0,1,2,0,0
4acac8cf-b290-4d3c-8875-eb603ea8af3e,0,1,2,1,0,2,0,1,0,1,0,0
fa483527-4c0f-4961-bb5f-eb0dd6ec7b10,2,1,2,0,1,2,1,2,0,2,0,0
98416054-23d1-433a-8f92-5cef9e2cb305,2,0,0,2,0,1,2,1,1,0,0,0
c6caa533-82d9-49ed-86e5-d54c83fcf2f9,1,0,0,0,2,0,2,2,2,2,0,0
daeadaf2-b062-48ee-b829-66cee3532b8f,0,0,2,0,0,0,1,1,0,1,0,0
35531cc4-a0ff-4226-8f50-99646b26d877,2,2,0,0,0,2,0,2,1,1,0,0
c82d0c02-6339-4707-b218-ca9f974109a5,0,2,1,2,2,0,0,1,0,1,0,0
4234a775-d4e5-4409-b2c8-88aef488e48d,2,1,1,1,2,2,0,2,0,0,0,0
274da9b0-afa5-49e3-a621-0846e7ae7a54,1,0,2,2,2,1,2,2,0,2,0,0
edb50bfe-77ee-4864-a3ce-4be9c035d92f,0,0,2,0,1,2,1,0,1,0,0,0
f2479afb-b157-4242-a694-808190d43ff1,2,1,2,2,1,1,0,1,0,1,0,0
acd181ab-8577-406a-b34c-ae4de46850ee,0,2,1,0,2,1,2,1,2,1,0,0
7e1bc005-7c35-47bb-97ac-b0a53773ae41,0,1,2,1,2,0,1,0,1,1,0,0
57a5ccd4-080a-4f32-a4af-810c518bc328,1,2,0,0,2,2,1,0,1,2,0,0
fc6e13d1-36ce-4339-bc91-25b154337ce9,2,1,0,0,2,2,2,2,1,2,0,0
a006e80f-8eec-4680-826d-e4a6453e688c,0,0,0,1,0,2,2,2,2,1,0,0
ad125f94-e623-409b-8449-d72606863fc0,1,1,1,1,1,2,2,2,2,2,0,0
b1b257b2-620c-4ad8-9906-ca7c39c75b5e,1,2,1,0,1,0,1,0,1,0,0,0
4f81de8b-2ede-4ddb-8263-9f456d36dc97,0,0,0,1,2,2,1,1,0,1,0,0
ca3b1815-bf3f-49de-b73b-75f5ee6b0fc0,2,2,1,2,2,0,2,0,0,1,0,0
8b5b62a5-51e1-417b-ab41-218213102a12,1,1,2,1,2,0,0,2,0,1,0,0
86544742-e585-49df-9073-a5fcea124433,0,1,2,2,2,0,2,0,1,1,0,0
be22c15b-8586-4f46-b242-1da9415eea02,1,0,0,1,0,2,0,2,2,0,0,0
083d2e0d-0e65-46e2-8d37-e52840a6c5c5,0,2,1,2,2,1,0,2,1,0,0,0
85ae9872-b359-40dc-b341-9435e066ed5a,0,1,0,1,2,2,1,0,0,1,0,0
9b0a80dd-55df-4582-ad2d-fbf5e53579cd,1,0,0,2,1,0,0,2,1,2,0,0
3041f765-9737-4217-a76c-5eb1383ad9ac,2,1,0,0,2,0,2,2,2,0,0,0
9933b694-c61b-4ce5-ac8b-c7aff83db421,1,1,0,1,2,0,1,0,1,1,0,0
5f875218-b7b2-45c8-be2f-a3a246212c32,2,1,0,2,0,1,0,1,0,1,0,0
18577314-ee90-4add-a552-b306bad3321c,1,2,1,0,1,1,1,2,0,1,0,0
3cd2d408-cd6e-4e57-89d3-681aad9b3a8b,1,0,1,0,0,1,2,1,0,1,0,0
2bdaed54-5e1b-4292-bf23-dcc5644b5e4d,1,0,0,1,1,2,2,1,2,0,0,0
2ac233ee-c584-40ea-8db9-069884952f43,1,0,1,1,0,2,0,0,2,0,0,0
f5bc52dc-ac72-4271-9d51-c8bd73062755,2,0,2,1,2,0,2,2,2,1,0,0
028d2eba-ee0c-4f46-8cc5-2c8fdef5ac14,2,0,1,2,1,2,2,0,0,2,0,0
b2634524-9a6e-4c3b-bf6b-f050f2e13fd1,2,1,0,2,0,1,0,0,2,0,0,0
dcc4cd1c-62b2-49c8-acb4-f4530dd93dcf,2,1,0,2,1,2,1,2,1,0,0,0
cebc49b5-5ab5-49ff-a7c2-e60a2d4143d5,2,2,2,2,2,1,1,2,0,0,0,0
b906b3b0-8a2c-4e9d-a2f2-953bb4ac5cf6,1,0,2,2,2,0,0,0,0,1,0,0
99427c8b-27fa-4cd0-9527-4b4754ea123c,2,1,2,0,1,2,2,1,0,1,0,0
588a0977-3829-4795-8f6f-594b515185d0,0,1,2,2,2,0,2,0,2,2,0,0
a1675873-1232-42d3-a219-74738b2b4065,0,1,1,2,1,0,0,1,2,1,0,0
7db0587b-a88c-4a09-abdd-513cff27a5b1,0,1,2,1,2,2,0,1,0,0,0,0
a52bdd7f-c9a1-4605-84f3-d8292754c0b5,1,2,2,0,0,2,2,1,1,1,0,0
4cf157c2-e71a-4b60-a1aa-9fbffce43dc5,0,0,2,2,1,0,2,2,2,0,0,0
8eefda8d-ad47-40ca-b5fa-a4533e87b410,2,2,1,2,2,1,2,1,0,2,0,0
ec9df743-4d23-47be-a4d1-cadc97cd6b54,2,0,2,1,1,2,2,0,1,0,0,0
de8fba1a-66e9-4c80-a785-c3c0f207a0b7,2,2,1,2,0,2,1,0,0,2,0,0
699fb813-b282-4ad8-9659-20bf6383ae97,1,2,0,0,0,0,1,0,2,1,0,0
6084ca0e-aea4-4349-a386-62096865855f,1,0,0,1,0,0,2,2,2,1,0,0
a1ddcad2-f620-4000-ac63-516d9ca1c3d6,1,0,0,2,2,0,1,1,0,0,0,0
75eb192c-a5ca-4860-8ae0-1752d818042e,2,1,2,0,1,0,1,0,1,1,0,0
489f3d32-eb16-45cf-b00e-6b3f3955a4b5,0,0,2,0,1,1,0,0,0,0,0,0
3b70dda7-0e4a-4479-9cd8-a9348911dd6c,1,1,0,1,0,2,1,0,0,0,0,0
78f9d1a8-19db-4580-857e-b4ef1b02aea7,1,1,0,1,0,2,0,0,1,1,0,0
32513fee-98f5-4350-9cdc-1e1e7d5c03e4,1,0,0,1,0,2,0,0,0,1,0,0
bc706fa3-8956-49da-8f55-1972e9fa7b60,2,2,1,1,2,2,2,2,0,0,0,0
f6ec44ef-8d54-4927-9701-f08185995edd,1,0,0,1,2,0,1,1,1,1,0,0
2276577b-7039-43c6-abe4-03eecc06465f,2,2,1,0,0,1,1,2,1,1,0,0
ede358f6-c673-4e27-9382-9a52b3c696fc,1,2,0,1,1,0,0,0,0,2,0,0
7c27c055-7725-49f5-8024-2bfe39d8b037,2,0,2,1,1,2,1,2,1,1,0,0
6bb913ff-694d-4e58-9341-ae8e45b17edb,1,2,0,2,0,0,0,0,2,2,0,0
ba0b2c80-7fca-4131-af58-d8a5ccb2e510,1,2,0,0,2,0,0,2,1,0,0,0
ba7a0a0a-7f7a-4cc4-8d34-cf80c677932b,2,0,2,2,0,2,0,1,2,2,0,0
edf8e963-6a5e-4cd5-b76e-c7df4b0c423d,2,1,1,0,2,0,1,2,2,2,0,0
bc60e633-88a6-405f-bbd7-d9b9a6e61f9e,0,1,0,0,2,0,1,0,0,2,0,0
578457df-79b0-45e6-a760-4bcb8f4a202e,1,2,1,0,2,2,2,1,0,1,0,0
7f4bbd14-4296-44f6-805a-486ad6a3857f,2,1,1,1,2,0,2,1,1,1,0,0
75fba422-a1e2-4612-b716-183c83b5c301,2,2,2,2,2,0,0,1,0,2,0,0
89cc8ff0-38df-4f49-aa28-1a7cbb7acf6c,0,2,0,0,2,2,1,0,1,0,0,0
dfd2410c-7c5d-4fc5-a971-909148469f57,0,2,0,2,2,2,1,1,1,0,0,0
1606fe71-b730-43bb-abfb-4264c20802ad,1,1,2,2,1,1,0,1,0,1,0,0
04e05b20-c2c1-4fb8-9e23-383f8f3162ba,0,1,1,1,1,1,0,0,0,2,0,0
324a743d-6896-4c63-9cdd-31ed696bf6f6,0,1,0,0,2,0,2,0,2,2,0,0
4a8c8e2a-962d-4a33-80f2-3bbc8c08bd8c,0,0,1,1,1,2,2,1,0,2,0,0
08e31bd1-ec50-49c7-9e1d-feac8da5cb0f,2,1,1,0,2,1,1,0,2,1,0,0
0920545d-8d1e-4ff5-874f-bf3a44c144f6,1,0,0,2,1,0,0,1,0,1,0,0
3c5ddc0f-2b81-4e06-a7ab-a6b838360a6a,2,0,1,0,0,0,0,2,0,1,0,0
aaa2dc59-8cab-4149-ab3f-1dd757750cd5,2,0,1,1,2,2,0,2,1,1,0,0
1b9b0635-1f07-4322-9591-553a4d05dc5d,2,0,2,1,0,0,2,0,1,2,0,0
7b8972c0-8850-4a32-9ea2-64058cf9368f,0,0,0,2,2,2,0,0,1,2,0,0
c3a1e8f8-e202-4b63-8486-cd784b0db8f3,0,1,0,0,0,0,0,2,0,2,0,0
099d4abb-6e2c-4092-ab78-7900d75f9728,0,0,0,1,0,2,1,2,0,1,0,0
231ea6c4-e4b4-406b-afa7-0c1777dcd552,0,0,1,0,0,1,1,2,0,2,0,0
5941f2cb-d1f2-41d6-bcbf-1f3849ce3a72,0,0,2,1,2,1,0,1,2,0,0,0
294475a0-79da-40d8-8457-bc5ee0aac29a,0,0,2,0,2,1,2,2,0,0,0,0
5c970946-45e6-4a24-9a67-8e69ba948040,0,0,0,2,0,0,1,1,0,0,0,0
0b3aac75-af9a-42ce-8f47-c5b39e0ef780,2,1,0,1,0,1,1,0,0,0,0,0
64fe228f-e4c9-44e5-864c-e57c4f031f68,0,0,2,2,2,2,0,0,0,0,0,0
155632aa-bdff-40a7-a4d3-dea112bcb8b1,2,0,1,0,1,0,2,2,0,1,0,0
0f08328c-0fb8-491b-847a-4d9ccbad8852,1,0,2,0,1,1,2,0,2,2,0,0
ec90b2fc-e9fb-4ce2-838d-5d9523e1a9db,1,1,1,1,1,1,1,0,2,1,0,0
a8b63431-6810-4589-8f81-03e1b1624270,2,0,2,0,0,0,2,2,2,0,0,0
9e294fb9-517a-4ace-bfff-b69e7b1f9d94,2,0,0,0,2,2,0,2,0,0,0,0
f0aee27e-9498-43a0-a871-e235e68f85ab,2,2,2,0,1,1,1,0,2,0,0,0
b5a9732e-55e8-4944-9c53-70b4a215a748,2,1,1,0,2,2,1,1,1,1,0,0
def2fb34-3d50-43a7-86ba-29e662b4a231,1,1,1,1,1,0,0,2,2,1,0,0
ed84e37a-d8a3-4051-a44a-3863fa8570d4,2,1,0,0,0,1,0,1,2,0,0,0
9d3ef546-8b3f-48d5-af92-7c517c6c19cf,0,1,2,0,1,0,0,2,0,2,0,0
bda4fb3a-79c0-4e0a-8abf-2fb0f5f5d273,1,0,0,2,0,2,0,2,1,0,0,0
1c60e28f-f41a-4ca9-bcd7-d3001b47d8ff,1,1,2,2,0,2,1,1,0,0,0,0
e07b1b64-d7a3-417c-85dd-0cb74b64d0b3,2,0,0,2,1,0,1,2,2,0,0,0
f06c111b-9ffa-45b4-9b8a-04a27ac9a9aa,2,1,0,2,1,2,0,1,0,2,0,0
b0a89d54-be30-43de-86b6-6702e38f745a,0,2,0,2,0,1,0,0,1,2,0,0
45496d53-26c8-438f-b5bd-98c4f98cebf5,2,0,0,2,1,2,1,0,0,0,0,0
4279f5cf-9055-497c-8f47-2e8c861142f7,0,2,0,1,1,1,0,2,0,0,0,0
10716d9c-93f3-494a-ab09-0224cc2e99af,0,0,2,1,0,0,2,2,1,0,0,0
1f68aff9-f40b-4587-963d-5c7fc43762be,1,2,1,0,1,0,2,2,2,0,0,0
621092dd-d498-485e-b224-c64039ef8a45,0,1,0,1,1,1,2,2,2,1,0,0
6836a9c9-56a2-4801-8f53-d1d935bb85bb,2,0,2,0,2,1,1,1,0,1,0,0
470fceea-06f2-41d7-a243-8eaca18b5f53,1,0,2,0,1,2,0,2,1,0,0,0
7fad82a3-6e0f-4642-96d6-3da00bbd0f56,0,1,2,1,1,2,0,2,1,0,0,0
1d6701a9-07a7-4673-ab69-656bfee5f157,2,2,2,2,2,0,1,1,1,1,0,0
f32193f1-0aa9-41b2-b595-c175be83e3e6,2,1,2,0,1,2,1,1,2,1,0,0
16fe3af4-9b73-46f5-8ffe-c5af1f72ab55,0,2,0,2,0,0,0,2,2,2,0,0
c2eb59d0-4168-4a36-9436-b77c59b9e0b4,0,0,1,0,2,2,2,1,0,2,0,0
fc893bce-464c-43b4-b921-0c87d7287f71,2,0,1,2,0,0,1,2,0,1,0,0
231671d6-f84d-40c2-b364-d75a18dcf22a,2,1,1,2,1,0,1,1,2,2,0,0
12638f3e-d49f-463a-8afa-3b223c4c7af3,1,1,2,1,2,2,2,0,1,0,0,0
9b1bed27-09c1-47ce-be90-7f3baf1d8b24,1,1,2,1,0,0,1,0,1,2,0,0
a10fead2-646e-4bb2-bb58-0805ecee602d,2,0,1,1,1,1,0,1,1,0,0,0
f4b385f1-00b8-4d84-bac2-51d74ed11331,0,2,1,1,2,0,0,0,2,0,0,0
cc82f991-2b5c-47aa-82c6-75ce5981f3b6,2,0,0,2,1,2,0,2,1,2,0,0
d4b199d4-20ff-47d2-803f-08ca07e571da,2,1,1,1,0,1,2,0,2,0,0,0
582faae7-cf49-40a4-8953-03edb95faaa0,2,0,0,1,2,2,2,0,2,2,0,0
4c077455-eca6-4383-83c8-f8e9fc8e4824,2,2,0,0,1,0,0,1,2,2,0,0
75d50193-62f2-4dfc-abd8-a875d537655e,1,0,2,0,1,0,0,1,2,2,0,0
c9e73a03-1b16-4fd5-9254-e657edcfc9ca,1,0,1,2,2,1,1,1,0,2,0,0
058918fd-105e-4528-97a7-d394f02c0395,0,0,1,0,1,2,0,1,0,0,0,0
93b88c7f-91f2-4224-ad09-ad38d8081971,0,2,2,0,1,0,2,0,0,1,0,0
289ad8bb-1010-49cb-b25b-9bc4dfa86406,0,2,2,0,1,0,1,0,1,0,0,0
7093b5a5-71aa-4dac-b870-6890a52c1c5e,0,2,2,0,0,2,0,0,2,1,0,0
738ecb94-ca64-4865-82d8-d3634454dd86,1,2,0,1,1,2,2,0,0,0,0,0
b3bdb21a-44e0-4aea-8749-89e51bf27b5d,0,1,0,0,2,2,1,0,2,0,0,0
579684ce-eff3-4a6b-84f7-e98a93140aa1,0,1,0,0,1,0,1,1,1,0,0,0
6d3f9880-8678-4b60-a5ed-18d4e0bea1bb,1,1,0,2,1,0,2,1,2,2,0,0
0e7ee44d-c1dc-4c66-94e0-72feaab3993f,1,1,1,1,1,2,0,0,0,2,0,0
b803eefe-1c0c-4011-9d26-79ac79745900,1,0,2,1,1,0,2,0,2,0,0,0
9a52bcfc-0e4b-4988-a6ff-73f8cf2cb522,1,2,2,0,0,2,0,0,0,1,0,0
8b6c1d5c-8ef8-4b5e-9490-65d5b928c952,2,2,1,2,2,2,1,1,0,2,0,0
801eba33-19c9-41c7-ab2e-925123294531,2,2,2,1,2,2,0,0,1,0,0,0
21acd243-00f5-451a-8e74-72609ddc875b,2,0,1,2,1,1,2,0,2,2,0,0
065ebd2f-04e3-4e2e-8171-585fb684a599,2,0,1,0,2,1,2,1,1,2,0,0
1c57035d-97b8-4142-812c-904d5c964e48,1,0,2,1,1,2,2,2,0,0,0,0
1a1da55a-cd94-41b8-8473-38bd7579a316,0,1,0,2,0,0,1,2,2,1,0,0
5d46dbc9-d488-4eae-b925-34df8b485206,0,2,0,1,0,1,0,2,1,2,0,0
db1ad2bd-946d-47da-b7b3-f13f44bedbdc,1,0,0,0,1,2,0,0,1,2,0,0
808a4531-900b-4b9a-96e2-5760493522a4,2,1,0,1,0,0,0,2,0,1,0,0
9e57d89c-7fa8-4d60-a224-8073f68ea102,1,1,0,2,2,1,0,1,2,1,0,0
b81447bd-a9f9-4378-afc2-ab571564bc0f,1,0,2,0,0,0,0,1,1,0,0,0
5473c482-35ea-486f-b9af-8a863fc74027,2,0,2,0,1,0,2,2,1,2,0,0
0a1aa6e8-a1f0-44b1-93c5-766d080f8a62,1,2,0,0,1,0,2,0,0,1,0,0
9894f91a-fdaf-4665-8b47-a7c2f0d3ad78,2,1,1,2,1,1,0,2,2,1,0,0
2f777acc-a788-4c94-a616-7492b5c063cc,2,2,2,2,2,2,1,2,1,2,0,0
bf92c171-750a-4e5e-bacf-bebeee734d00,1,1,0,1,0,0,2,2,0,0,0,0
2b9a5e8e-99ce-4a80-aaea-6207754dc23e,0,0,2,2,1,1,1,2,0,1,0,0
a03436dd-78ab-4937-b6d3-c507350c4824,2,2,1,1,0,1,0,1,0,1,0,0
738779bb-74f5-4f82-ad83-b8aecbd83711,1,1,1,0,2,1,1,0,0,2,0,0
a7cf4d5b-ee57-4435-b78f-7799fd870017,2,1,2,1,1,0,1,0,0,2,0,0
9dda1223-7590-4a77-8979-bfc5138b621b,1,2,1,1,1,1,0,1,2,1,0,0
69f86aae-c6df-45ca-b7f3-c1647d7d7e1f,0,1,0,2,1,0,2,0,0,0,0,0
3bcf52d1-3c64-4cc3-ac60-3b78edcdd3dd,1,2,1,1,1,1,2,2,2,1,0,0
d88511e4-9269-4254-a5db-89439dada7af,1,1,1,0,1,0,2,2,1,2,0,0
7ead5936-b970-4992-b36c-7fc392fd1aff,1,0,2,1,1,2,1,2,2,0,0,0
487bd8b6-64f6-428a-8e55-86d0be2fa405,1,0,1,1,0,1,0,1,0,2,0,0
60d77b66-0dd1-46c1-8eee-6a0680655875,0,2,1,0,2,0,0,1,1,1,0,0
7abd199f-997f-430e-92cc-acfaac8cca9f,1,2,2,0,2,2,2,2,2,1,0,0
82678f2a-7c68-4cc7-8b5e-30b9caa88c9d,0,1,2,1,2,1,0,0,2,1,0,0
0ab60f77-e268-45ff-af79-38e080d4c097,2,1,0,0,2,2,2,1,2,1,0,0
aa2536db-9270-4f5d-9c83-5377bee4f961,2,2,0,2,1,0,2,0,0,0,0,0
528a802c-ef0a-49ab-a468-df0d4bae3ba7,0,2,1,2,0,1,2,2,2,2,0,0
6075388a-2b60-43fb-96d5-3e8ac14ae36b,2,1,1,2,0,1,0,1,1,2,0,0
ae8308a2-8cb5-489c-85fa-9addcb6b8f40,1,0,2,0,2,1,1,1,0,0,0,0
672afc07-f76b-48c9-85bc-ea7d40051617,0,0,1,1,0,2,2,0,2,2,0,0
75aaed7d-7904-4ac3-a4a6-92e19e951ad1,0,2,2,0,0,1,2,1,2,1,0,0
5c18636b-7ffb-4e42-95f2-31da611e16a3,1,2,1,0,1,1,2,2,1,0,0,0
57e51404-f6c8-4d0e-ae82-2e93b5b0d64c,1,1,2,0,0,1,2,0,0,2,0,0
1282028e-2100-4866-ac1f-899f656bdab0,2,0,1,1,2,0,1,0,1,1,0,0
1f2c9330-0c2c-4c04-b80c-7083218196c8,1,0,0,1,1,0,1,2,0,2,0,0
a1b3db03-47eb-4bc2-8d44-bc7422c91c9c,2,2,0,1,1,0,2,1,2,0,0,0
5c920d4d-9966-477d-add0-6b1bec26f4bb,1,0,0,0,0,0,1,0,2,1,0,0
9e8ca5ac-231c-4ca6-981a-3c8507f9224e,2,1,1,2,0,1,2,1,2,0,0,0
866c8e75-5da0-4bdc-8951-96ffeebecfb3,1,2,2,0,1,0,2,2,0,2,0,0
00143a20-c474-49e1-987e-7583cf844c8c,0,0,0,2,1,2,2,2,0,1,0,0
063657d4-da2a-4dfb-b494-8d4ddad30046,2,2,2,2,2,1,2,2,2,1,0,0
f7aa812d-d309-49e7-9e42-0fccccea4bf2,2,1,2,0,0,0,1,0,2,2,0,0
005dcd57-8673-49d3-a08e-2e280cdf4a86,0,0,1,0,2,1,1,2,1,0,0,0
2aa3c1bb-62cd-43c6-b967-495b4a147be6,2,2,0,2,1,1,1,1,0,1,0,0
a2afa535-3bb0-44a7-a93c-bf213c5f0a74,0,0,0,0,2,2,1,2,1,0,0,0
bd9af854-1846-4fe3-b81f-8c1fe750cf84,2,0,2,1,1,0,0,2,2,0,0,0
08dc74cb-634b-44f8-9960-243e8aba8244,0,2,2,0,0,1,0,0,2,1,0,0
81f0fcfa-2599-4c30-8e78-d84e13c23d28,0,0,0,0,1,2,0,2,2,0,0,0
afa3109c-474a-4e6a-a31d-1ebe46be6411,2,1,1,1,1,0,1,2,2,2,0,0
d10752f8-f7ed-4403-af56-cd483b8f6601,0,1,0,1,1,0,1,1,1,1,0,0
71fe4191-a327-4c54-a801-fad08f7fb040,0,0,2,1,1,1,1,0,0,1,0,0
eef4c89c-0eac-45f6-a9ad-8d3591583b60,0,1,0,2,1,1,0,1,0,1,0,0
f9b27fc8-aa78-493f-a4f3-64d9fa066e8c,2,1,0,1,2,1,2,1,1,0,0,0
df948d4c-4c37-42ec-bed6-68bc7489e8c4,2,1,2,1,1,1,2,0,1,1,0,0
98e2d333-7124-42b1-b9a3-b3e839492c3b,0,0,1,1,2,1,2,0,0,2,0,0
42f312a9-07e3-4e04-8193-003141fcda0c,2,0,1,0,0,0,0,0,2,2,0,0
a94be608-9871-43db-9a68-5fd5b8946608,0,1,0,2,2,1,2,0,2,0,0,0
7cc66c6d-a49b-45b4-8538-7db54f49654c,1,1,2,1,0,0,1,1,2,0,0,0
3ff3ae2b-3b9c-48dd-96bb-3dfb7ea6768f,0,1,1,2,1,2,1,2,1,2,0,0
2de2ebc4-316c-4db5-ae04-a72548c83b5b,1,1,0,0,2,1,0,1,1,0,0,0
283a3a0c-8045-4e5b-9ec6-7c886b310930,2,0,0,0,0,1,0,0,1,0,0,0
1d5e34e7-5dcf-4dcd-acbc-61bb1b350884,2,1,2,2,2,1,1,2,2,2,0,0
7a9bd98b-330d-458c-b119-9b86ffd7b0b4,0,2,0,2,0,1,2,1,1,2,0,0
ef122251-dbad-43da-95a9-09cc0564da1d,0,0,1,0,0,2,1,0,0,2,0,0
e747aec8-c141-45ad-a726-df0d37c16fe8,0,2,2,0,1,2,0,0,1,2,0,0
3dc95f06-795a-4eff-a382-9e1de7dbada8,1,0,2,2,1,1,1,2,0,2,0,0
dadfd523-d382-4534-aa40-fff8a3363095,2,1,0,2,2,0,2,0,1,0,0,0
7e066a4d-35b7-4252-be4d-638241443ee4,1,2,2,2,2,0,2,1,1,2,0,0
d7bbc34f-6b40-4585-b3e8-20902c65f838,0,2,2,1,0,2,0,0,0,0,0,0
71e2c266-3226-45f4-b8f7-8c451051aa02,1,2,1,1,0,0,2,2,2,0,0,0
fa95cd4d-19ed-4ca3-b39f-b08435b0f7e4,1,2,2,1,1,1,1,1,2,0,0,0
1b9f8df6-9437-4179-b477-ff31386c5d4a,2,0,2,1,1,1,1,0,2,2,0,0
61e5d58d-2a71-4583-9f02-0a612d58e499,1,2,1,0,1,2,0,0,2,1,0,0
258a1b0a-c438-4edc-a96c-cacf1f2db9cf,2,0,1,2,0,1,0,0,0,2,0,0
7dd03b13-1bec-4f99-ba37-17a2740813a1,2,0,1,0,0,1,1,2,2,1,0,0
81f626f5-1a7e-46f3-8e0e-a224982f3eea,0,0,2,2,0,1,2,2,2,2,0,0
6bf1f8bc-e35d-458a-adf3-5751c9d50d61,1,1,1,0,0,0,0,0,0,1,0,0
b4cf1439-6f18-4ff4-b374-3a0f82c4b7f4,0,1,0,0,1,2,1,1,0,0,0,0
b0b519bd-62b6-478b-bfda-923bd11e4ccf,2,2,0,2,2,2,2,2,2,1,0,0
9b18e732-2611-4d85-bc43-42e45ae3fe98,0,1,0,1,0,2,0,2,1,0,0,0
88a2e2eb-ae18-4a2c-ad0a-9c08e79993ee,1,0,2,1,2,1,0,1,0,2,0,0
5b5242e8-bbda-4c4c-85ab-a864a97ef57c,0,2,0,1,1,0,2,2,0,0,0,0
a6291a30-3543-4e13-996f-926ad971dc9e,0,1,0,2,1,0,0,2,1,2,0,0
850cb206-22b9-46e8-abaf-b6864bc351f9,0,2,1,1,2,2,2,1,1,2,0,0
5ec937d2-16f1-4f2b-8def-74ffbd30753d,0,1,2,0,1,0,0,0,1,2,0,0
be2b925c-d7fb-40eb-ad8a-516663957158,2,1,1,0,1,1,1,0,1,0,0,0
c2499159-3976-4d9d-a025-bd4ed59c2482,0,1,2,0,2,1,0,0,1,0,0,0
da2e9b10-d8b6-4371-a16c-71893f736c15,2,1,0,1,1,1,2,0,1,1,0,0
d845775e-b265-4ac2-b758-139440dc12c2,0,1,1,1,0,1,1,2,1,1,0,0
7653d4a8-b865-404e-9694-99a5f0575478,1,2,2,1,0,2,2,2,1,0,0,0
16ed242d-711c-41b1-9d1c-a22cec11738a,1,1,2,2,2,0,0,1,0,0,0,0
bfcb99fa-46be-484d-9eab-d80c928e3a51,0,2,2,1,1,0,0,1,1,0,0,0
f5886328-2a77-4a7e-a242-ab3def1739e5,2,0,1,2,2,0,1,2,2,0,0,0
f6efead6-699a-4c8d-af46-c732aebbbf5e,2,0,2,2,0,2,1,0,2,0,0,0
43dfe148-1c72-4c05-85e0-8397e7a0bcd6,2,1,0,1,0,1,2,0,2,1,0,0
915c75a6-6de8-49e3-af35-90d361d8e3a5,0,1,2,1,1,1,2,1,2,2,0,0
412678b0-c322-4dcd-9301-646852b9e059,1,0,0,1,1,2,1,0,1,1,0,0
31b570e3-8981-4c75-b438-bce6bf288feb,0,0,0,2,1,2,0,1,1,2,0,0
6d6f1f8a-c6c7-46d3-b722-d9060080d4a9,1,1,0,2,2,2,1,2,0,1,0,0
55c13132-b226-4419-b9c8-fd189492254f,2,1,2,1,2,2,1,0,1,0,0,0
75bb3a3e-d8ae-4e0e-ba15-739249fc61dd,0,1,1,0,2,1,1,0,1,2,0,0
b734574a-1d35-4e99-b293-5bb84299b9fb,2,2,0,2,0,1,2,1,0,0,0,0
e89fb41f-8a47-4dd5-b75a-fe997747f23c,0,0,2,1,0,2,0,2,1,2,0,0
c5adeabe-e23b-424c-b428-365a3aa67194,1,2,1,2,1,0,0,2,1,0,0,0
d345127f-736a-4426-8be0-e5821979c719,1,1,2,0,2,2,2,2,1,1,0,0
690eb3f4-b864-49dd-9bdf-70936d13ae9a,2,0,1,0,1,0,1,2,1,1,0,0
a1396824-bfad-4e9e-90f8-16c1752243bd,0,0,0,0,1,2,2,1,2,2,0,0
6c7c3866-a4f5-490e-9201-2967d769270c,0,0,0,2,1,2,0,1,1,2,0,0
e7aa2a36-03a5-4892-b3ed-7378c503c0ce,0,0,2,0,2,0,0,2,2,0,0,0
f56b2d0d-e282-4d20-865e-07ec7b76dd63,0,0,1,1,1,1,0,0,1,0,0,0
d33b5b57-509a-4b97-9f19-d40ceee30372,1,0,2,0,0,2,1,1,0,1,0,0
22dff5bc-e714-4e84-988b-a40361d8ccb3,2,0,0,2,0,2,0,1,0,2,0,0
bec233fe-207e-46dc-8ba1-0c8c4858f0eb,0,1,0,2,2,2,1,2,0,2,0,0
08536cc9-8c29-45eb-bbb9-5f835b8b28af,1,1,0,0,1,0,1,1,0,0,0,0
2d8147bc-afff-4ddc-8bb3-63328654f6c3,0,0,0,1,1,2,2,1,1,1,0,0
3a276763-beae-4866-9459-b71783276b15,1,2,1,2,1,0,0,1,1,0,0,0
9688b9af-39fb-4ffd-9f6f-62c62b06ed0e,2,0,1,2,2,1,2,0,0,1,0,0
13c78880-639b-4620-b7c2-3c38164c6ec5,0,1,1,2,1,1,2,1,2,2,0,0
d8d70a0f-8470-4225-a7af-24005bbc450d,1,1,2,2,0,2,1,1,1,2,0,0
2e84efd6-40db-427e-b460-0540959f9b28,2,2,0,0,0,0,2,1,0,2,0,0
2a9c1d8a-f13b-43d7-ac0d-5c4d7b8675b6,0,2,1,1,0,1,0,1,2,2,0,0
42b427d1-532d-42b9-9bb4-2adafeb28fa3,1,1,0,2,1,1,0,2,2,0,0,0
53bbbdbc-6881-42cf-a0fe-de458d84b99a,2,0,2,1,0,0,2,0,0,2,0,0
6d4ef4db-0117-438f-afcb-b7a62a84fabd,0,1,2,0,0,2,1,0,0,0,0,0
97c757bb-6f41-4645-806f-4819eba3976a,0,1,2,1,1,1,2,0,2,2,0,0
0af28199-8d96-4855-9a0a-b4e46d5e4a14,1,1,2,2,1,1,1,1,0,1,0,0
916a8884-c153-4d9c-bff4-00ec91101651,2,2,2,2,0,1,1,0,1,0,0,0
a6538828-ab85-4b95-9c41-61c1220e75ed,2,1,2,2,1,0,0,0,1,1,0,0
c6ae4b7d-921c-40a3-8e5c-119f0099b911,2,0,0,2,1,2,1,1,0,2,0,0
b30b0cc4-3afe-4412-9ed9-64f6363ce39b,0,1,2,2,0,0,1,2,1,1,0,0
3fdb4f81-9278-4966-ba53-7dab0bce3130,2,1,0,1,1,2,2,0,1,1,0,0
48340b00-8f30-4cfe-b106-128c67fbf161,0,1,2,1,1,1,1,2,1,0,0,0
0047e0dd-5b7b-4e16-ac51-7c6fbfab8bec,0,0,2,0,0,1,1,1,0,0,0,0
08148a44-b4dc-4ccf-9c5f-cd234cf4866f,2,2,1,0,1,1,0,1,0,1,0,0
9e25839e-2cf2-43dd-ab20-eae15cb0f352,1,0,1,1,0,1,1,0,1,1,0,0
2f30d16e-92b2-4c0e-82ad-e7ebb5fc6d11,2,2,1,2,0,1,2,2,0,1,0,0
d9611947-a8bb-4f7b-b977-208eb6eee05f,0,1,0,2,2,1,0,2,1,2,0,0
0fb582d4-c3f8-458c-8449-6db2e2e275ad,0,2,1,1,0,0,2,0,1,0,0,0
4cbdc226-2697-4f63-81f0-c86907e480b3,2,2,0,0,1,2,1,1,0,0,0,0
b5c69b6c-13b3-4cf0-a624-5defe5d30c05,2,2,0,0,0,1,1,2,1,0,0,0
19ae3097-b56d-4512-9d05-c5e663527d5a,1,0,0,2,2,1,0,0,0,0,0,0
766875fb-a613-408a-9d20-db0fadc5fe43,1,1,1,2,2,1,0,0,1,1,0,0
79422b0b-4bb1-4487-91e8-ca982399730f,1,0,0,2,0,0,1,2,1,2,0,0
f331d4a6-fab5-41b0-a6ca-1afabaf19900,1,0,2,1,2,2,1,1,0,1,0,0
d82188d4-3739-47ab-ae15-5be7ba9c3d36,0,1,0,0,0,0,0,0,2,1,0,0
9c83fc67-b6ed-4175-a9f2-0042d20fd9e6,2,1,0,2,0,0,2,2,0,2,0,0
d577f515-ee58-4d34-a5a4-75cb137281ce,1,2,0,1,0,0,0,2,0,2,0,0
db4d79ba-eb58-4cd6-b9d2-be24d4e49ecd,2,2,0,2,2,0,1,1,2,1,0,0
3145fae4-9c5a-4397-88cf-3fb950151b68,0,1,1,2,2,1,1,1,2,2,0,0
51c97d93-3e8c-4862-a8da-2f942c939319,1,0,0,0,0,2,0,0,1,2,0,0
0e9108c6-1402-410c-8920-8f1b11413ae6,1,2,1,1,1,0,1,0,1,1,0,0
e5a5ee02-33bc-46ab-9ee9-954e5f7f7b6b,1,0,2,0,0,0,1,0,2,1,0,0
a505ec8f-2d76-4085-98e8-89716c0879ee,0,1,1,1,2,2,1,0,2,1,0,0
ad8cc6dc-4c66-4e43-8094-19a7e821b8d1,0,1,2,0,2,0,1,2,2,1,0,0
7ded8d68-6d24-4685-86e5-b7323b514364,0,1,0,2,0,2,0,1,1,0,0,0
c5eacba9-fdb3-4dcc-accd-358a6866edd2,1,2,0,0,0,1,1,2,2,1,0,0
8d9f8efb-9e94-468e-8987-6ba205cebe0c,0,1,2,0,2,1,1,0,1,2,0,0
99399bdb-b8af-4f0c-8a84-5a00c6ee2707,0,0,2,1,1,2,1,0,2,1,0,0
425da206-18cb-4009-a2b0-73303db73c58,2,2,0,1,2,2,2,1,1,0,0,0
6ea96acb-fd54-47cd-bb79-95a0387fe5ac,0,1,2,2,1,0,0,2,2,0,0,0
3d15a698-83eb-4ba1-b947-f7c501d1dc45,0,1,2,1,2,0,0,2,0,0,0,0
084bd7d8-ee66-4422-afa1-1aa147bd3380,1,2,1,1,2,1,2,1,0,1,0,0
209cd272-3b9b-4306-92b2-c8f221381c63,2,0,0,1,2,0,1,2,1,0,0,0
83e7444c-17d8-4c59-aef2-2d1db993c36d,1,1,2,0,1,0,1,0,0,2,0,0
41404fc0-091b-460b-b467-e6c0a1fa79e6,2,1,2,1,2,1,2,0,2,2,0,0
9c942a82-7618-4b19-8f7c-ad0a851174c0,1,1,0,2,1,2,0,0,2,0,0,0
938f2826-57af-4dbf-978a-4d9c9d18efc5,0,0,2,0,1,1,0,0,2,2,0,0
99c5a3b0-b10b-4ac8-bb07-09f0aca09c7f,2,2,1,1,0,2,2,2,1,2,0,0
db71b166-9392-49d4-95af-ebc279f3fee5,0,0,0,2,2,2,0,1,1,2,0,0
af6c7f41-db9f-4d6b-8e19-3f6b777237a7,2,1,2,1,1,2,0,1,2,2,0,0
9738f24b-4b9d-43c1-b8a4-61d08fafc595,1,1,1,0,2,1,2,2,1,1,0,0
b6deb5c0-0cfc-4ada-a6c4-f05ec7e8977d,2,1,0,1,2,1,2,0,0,2,0,0
a9e11db0-650b-44fa-aa71-045e1c64f44e,0,2,2,1,2,1,0,0,2,1,0,0
f7fec0e9-3250-4569-8fe7-1405836fd050,1,2,2,0,1,0,0,1,2,0,0,0
85b0d794-be36-4e96-90d9-ab8c9f0a577c,0,0,0,0,0,0,1,1,0,0,0,0
5d9c1fad-ec09-4401-a6d5-3a15d6fa31e8,1,1,2,0,2,2,1,2,0,1,0,0
eb1a99ea-294a-4927-888b-2ded669ff6dc,1,2,0,1,2,0,0,2,1,2,0,0
91da728d-8fb0-43f1-aee9-ea2e27d857b2,0,1,0,2,0,1,0,1,0,2,0,0
3b6303c1-7fdd-4367-914c-f124b600de10,2,2,0,2,0,1,0,1,1,1,0,0
054d5098-6474-4cea-b9c7-b90bece386a2,1,1,2,2,0,2,2,1,2,1,0,0
6cd1b616-d197-48eb-9473-3784d3a82d1b,0,2,0,0,1,2,2,2,1,2,0,0
d206071c-9a0b-49fb-9bdb-f0681de0280c,2,1,0,2,0,1,1,1,1,0,0,0
010b1aa0-62a7-4d5e-9a33-2eba6ee920d3,1,1,0,1,0,0,0,2,0,1,0,0
4c0a424a-36c7-4b3b-acb2-d5d1e112e512,1,2,2,2,0,2,0,0,1,1,0,0
246da498-766e-4567-a824-30c5aa4587d2,0,0,1,1,1,0,1,2,1,2,0,0
e7f89f9a-a123-4f21-9f92-c99daeec48ae,2,2,2,1,2,2,1,1,0,0,0,0
49229faa-89ff-4bb9-b8cc-6ecbbaf6dece,2,1,2,2,2,1,1,0,0,0,0,0
b74c465c-b1d9-4719-9b72-f701765bce77,1,1,2,0,0,2,1,2,0,1,0,0
17aa728e-e736-4864-8712-656b321d6cb7,0,0,0,1,0,0,0,1,2,2,0,0
42d10397-b63a-4612-8ddd-766b8a2778ef,0,2,0,1,2,2,1,2,0,0,0,0
3ba49f62-0080-4dad-ae81-ab275f99bdb9,0,1,2,1,1,0,0,2,2,2,0,0
6d51de30-187b-478a-80c5-f3b34afd26a1,2,2,1,0,2,1,1,0,1,2,0,0
e244cd4a-62fc-4aa2-aa17-aeeee9414ce6,1,1,1,1,1,1,0,1,2,0,0,0
cc88c19f-afa3-4e18-a083-00151a65a459,1,0,2,2,1,2,2,2,0,2,0,0
9d2e99c5-f516-4f38-896c-b5ed777fb818,0,1,2,1,0,2,2,2,0,1,0,0
68ade5c8-0d46-4a64-a9de-95d882881654,2,1,0,1,2,2,2,1,1,0,0,0
a38e77c1-94f4-4bb1-8eb0-97ffa5dbe6c5,2,2,1,0,1,2,1,0,2,0,0,0
f66ad70b-52e9-474e-bab9-456134ebaf45,1,1,2,2,0,2,1,2,1,0,0,0
98b4a3f8-ad65-463b-8913-34098cf6ad77,2,0,2,2,0,0,2,1,2,0,0,0
95536af2-8a53-4168-ba13-eea0b8d6dbd3,2,1,2,2,1,2,1,0,2,0,0,0
597840ff-1839-4d4b-902b-f95e020e1364,0,0,0,1,0,2,2,2,1,0,0,0
0a4ebf35-4936-47e9-aa77-b40f7aaf19dd,0,0,1,1,0,0,2,1,1,0,0,0
5edaad47-5069-4317-b044-cf6c3a744120,0,0,1,0,2,0,1,0,2,1,0,0
920fc5ce-a5c0-413a-8944-89dee607253e,0,2,0,1,0,0,0,1,2,0,0,0
45a70a63-b056-4cdd-b4da-18df45023ed0,1,1,2,2,2,2,1,2,0,1,0,0
133dfa2c-bcb0-4214-8b08-dc94907fedf6,1,0,1,2,1,1,0,1,1,1,0,0
075c176b-e043-42f5-8b02-3143c3509fbf,2,0,0,0,2,1,2,1,2,1,0,0
d8b9f100-3588-433a-83f6-355a072f3386,0,0,2,1,1,1,1,0,2,2,0,0
f8949516-2367-45b6-a449-06914f0e8cdc,0,2,2,2,1,2,2,2,2,0,0,0
96055b8c-0b5c-4153-ae13-7fb08514c860,2,2,1,1,0,2,0,1,0,0,0,0
c1467788-a6cb-4a28-a0ab-c13624796492,1,1,2,0,2,0,2,0,0,1,0,0
3467f1ae-ca00-4bb7-9fc8-cd62bd5b78e6,2,0,1,2,2,1,0,2,0,1,0,0
a2646ce2-3f6c-4f92-83e1-6e0cc42a3922,2,1,1,1,1,1,0,0,2,0,0,0
e87afdd4-8544-4a41-8bfe-322410ab2105,2,2,0,0,1,2,0,0,2,2,0,0
70385702-5203-45c1-8456-eb360307d28d,1,0,2,0,2,2,2,2,1,0,0,0
a1ed0d45-d687-4502-bbfd-478d7c662238,1,1,1,1,0,2,2,2,2,0,0,0
dbb73bca-e3c3-4f11-a363-acbd58f7eed0,1,2,1,1,0,0,1,1,1,2,0,0
c3e18691-f86f-44fb-a78f-30253382cd54,0,1,1,1,1,2,0,0,0,0,0,0
d5fc1d26-0162-45f8-a5b6-e060d76e736e,0,2,2,2,1,0,2,1,1,1,0,0
694d1d2f-67fc-42d6-a22e-d4267795a8dc,1,1,2,1,1,2,0,1,1,0,0,0
6e69739c-4e17-4c25-81c6-65839d00f837,0,2,0,0,2,0,1,1,0,2,0,0
82fdec00-def5-4d5d-a22b-1171ec9fe524,2,0,0,0,2,0,1,1,1,1,0,0
65fbe708-ba62-4a14-9613-0b1611d59822,1,1,2,1,1,0,1,1,2,2,0,0
9eca04a3-aba4-4ba9-adac-b3e02fc87fd0,2,2,2,0,2,0,1,1,1,2,0,0
c18debaa-c8e5-4207-881c-5a53b3420ab3,2,2,2,2,2,2,2,1,2,1,0,0
3178556a-e2c7-44c0-9e26-791364eff4b5,2,0,0,2,0,0,0,2,1,0,0,0
691debf5-85df-436d-a62d-83e80a2e5d85,2,2,1,2,0,2,2,1,0,2,0,0
adbe2b0e-46d6-4282-986c-fe4562c6e830,2,1,2,2,2,0,2,1,0,2,0,0
a78a43ba-75b4-43c6-af44-d7c824cd16a0,1,1,1,0,2,0,2,2,2,1,0,0
ae0cdce0-e248-4dca-a24e-f2d10fc55021,2,0,1,1,1,1,1,2,1,1,0,0
4156a83b-c424-4099-a3ea-f81ecaff5fee,1,0,1,0,0,0,2,2,0,0,0,0
387ca9ce-7806-4700-9286-0281a9c76567,0,2,2,0,0,1,0,1,1,2,0,0
eea0439a-8414-4d7f-8fa4-2260391b1111,2,0,2,1,1,1,2,0,2,1,0,0
255933da-58c8-4ad9-9553-e2cc4f458dc0,2,0,0,0,0,1,1,0,2,2,0,0
47bb621f-9b78-40a7-8a1e-bb06126e9da1,1,2,0,1,1,1,2,0,2,1,0,0
6e68ea8b-0cff-439c-aef5-8bab2c791bc5,2,2,1,2,1,0,2,0,0,1,0,0
00b48c1e-0c90-4ac0-9306-1dcfb4355bbf,1,1,0,2,0,1,1,2,2,2,0,0
f247f48e-4708-40be-b2db-86fcbd38dd68,2,1,1,1,2,2,0,2,0,1,0,0
6a384aa1-b318-43fa-ae6a-5c4ccaa7b5cf,0,1,1,2,2,0,1,2,1,2,0,0
db51c008-c2c0-442a-9fbd-ac8dd73281b6,1,0,2,0,2,1,2,2,1,2,0,0
e8af77b2-7376-4c15-b4f8-3697e7175e43,2,0,1,0,0,0,1,0,2,0,0,0
5beba35f-e1bf-4f6e-ad61-157e9b7fb549,2,2,1,1,0,0,0,1,1,1,0,0
8199ecce-fd80-4518-9e93-63d37b79c2e7,1,1,1,2,1,0,1,0,0,2,0,0
5a9592bf-1b88-4c30-8ae7-580559d58999,0,0,1,1,2,1,0,2,0,0,0,0
52aeb71d-d6d1-41d9-91b6-56b592e5c9a6,1,0,0,1,0,2,0,1,1,0,0,0
ac233115-1422-40be-8241-bc7bcb517433,1,1,1,2,2,1,2,2,0,0,0,0
198f43a6-ccd4-4bc0-956f-f14cd9532e17,1,0,0,2,2,1,2,0,0,2,0,0
6d1577c6-0523-4ec8-a709-ab2812df4dd0,1,2,0,0,0,1,0,1,0,2,0,0
648296a9-9fbd-436c-884f-a9d5c684fa5c,0,0,2,2,0,2,2,2,0,1,0,0
56f9aa68-8ad7-4eb5-bccd-0aeaf6fa186c,2,2,2,1,1,0,2,0,2,2,0,0
1fd8c1ce-0705-4cfc-b25c-46dd77c1f0b8,1,0,2,2,2,0,0,1,2,1,0,0
f42f42f9-0b68-48c9-a5ea-9b4010705b6c,0,2,1,2,2,1,2,0,0,2,0,0
709f0b6b-9818-47b9-8f7d-d04a247a83bc,2,2,2,1,2,1,1,0,1,2,0,0
ba64de23-8fe5-4bbc-8b04-0e96b5aa8e7f,1,1,2,1,0,2,0,2,2,0,0,0
c08f81d5-6aad-4401-8f68-854ef1a95ae5,0,1,1,1,1,1,0,2,0,1,0,0
982c4f42-d946-4040-9d2d-82c2241cb66c,2,2,2,1,2,2,1,2,0,2,0,0
9ffce037-729f-49de-9830-3132189f83cd,0,2,1,2,2,0,0,0,1,0,0,0
464fa0d4-d8db-40e8-bef0-0b76add9cd39,0,1,2,0,1,0,2,1,0,1,0,0
7a3feea0-aff8-42f3-a4a1-e03beb0691a5,0,0,1,0,0,1,2,0,2,2,0,0
07843aa3-026c-4e25-ba34-3f2081bd6898,0,2,1,1,1,1,2,2,2,2,0,0
6a7e9686-66d9-4783-980f-baaa509b4d94,0,1,2,2,0,1,0,2,0,2,0,0
7303120a-ba64-4f7c-a7d9-dec4a3a9144d,1,1,2,1,2,2,1,1,1,2,0,0
3ccd65f7-e185-4c64-9877-8ecc1264020b,0,1,2,1,1,1,2,1,1,1,0,0
9eb083e5-b2f0-4b94-bbf5-386717b60a58,0,2,1,1,0,0,2,0,0,1,0,0
cbd2e0ec-446a-4f69-93ca-ea782cd63c4e,0,2,2,1,2,2,0,1,1,0,0,0
3c0205da-e6cc-4622-a6d7-bf261bf8f6cb,1,2,0,1,0,2,1,2,1,0,0,0
24aced5a-82f4-450b-bc05-6d67a45fc2a0,0,2,2,1,2,0,1,0,1,1,0,0
8ae66368-2e92-49f9-bab7-53fb21e61ade,1,2,1,0,1,0,0,0,0,1,0,0
828460a8-fcac-4afb-90da-dc5ab2e2c7da,2,2,2,1,2,2,0,2,2,2,0,0
7de91e8f-15ed-4dea-9c4c-f0a60aadafd2,0,0,1,1,1,1,2,0,2,0,0,0
4f549911-7dca-42ac-8fdc-50a2147e8fa5,1,0,0,0,0,0,0,0,0,0,0,0
5a053333-cdd4-49db-9418-0eef6c6bc2d0,1,1,2,1,0,2,1,1,2,2,0,0
4af44e94-40ed-4c36-9718-a5826e074866,1,2,0,2,2,1,0,1,1,2,0,0
c2402536-ea06-4aaa-8106-dba50c47ae1e,2,0,0,0,1,2,1,2,2,1,0,0
00730c0b-f435-44bb-ab32-071b698e0bf1,1,1,2,1,0,2,2,0,2,0,0,0
3d5060d5-2a08-4d35-b7c0-6f409a7a0dd3,2,0,0,1,1,1,0,2,0,2,0,0
d04c9aee-9338-4bc4-93ee-62afaa4c4ec4,1,0,0,0,0,2,1,1,0,2,0,0
44e19431-956d-4a17-a1bc-3d1ff9dc4f3d,1,2,1,0,0,1,0,0,2,2,0,0
d4c65f89-d0c6-4e2c-9f18-d40b2435bff7,0,2,1,0,0,2,0,1,2,2,0,0
6ec5f082-7fde-4a73-a25e-756b0df5cea9,0,1,0,2,2,2,0,1,1,2,0,0
1e16ec3d-3f3a-4ffd-9125-3ea68a919c56,1,2,1,0,2,2,1,1,2,2,0,0
e51a3aec-4321-446c-b0a5-0760346ef738,0,0,0,2,2,0,1,0,1,1,0,0
0ac89b4c-d1b0-4096-9df6-64b14cd9e81f,0,1,2,2,2,1,2,0,1,1,0,0
f176e965-5e5c-413f-a8a3-8eb92d655c3b,1,1,2,2,2,1,1,1,2,2,0,0
2a969797-5b7f-4863-81e9-f3382a7d4fc2,2,2,2,2,2,2,2,2,0,1,0,0
636d9f47-9202-4e05-8105-02cb6e6f86e3,0,2,2,1,0,1,2,1,2,2,0,0
50fc5041-ef25-4de5-8f10-0ee33f10c26d,0,1,0,1,1,1,0,2,2,0,0,0
04cdeb24-98ce-4d92-a41d-1e9a512f19b1,0,0,0,1,0,2,1,0,2,2,0,0
4523348f-4fca-47f9-a9df-ac2586e2cba8,1,2,0,1,0,1,2,0,1,0,0,0
f5733756-0c7b-427e-8ea7-f6a50a3e20cc,2,2,2,2,1,0,1,0,1,1,0,0
04b19d73-54ca-403b-aa68-5c1f539332df,0,1,0,1,1,1,0,0,2,1,0,0
a190a64f-ef0f-4fad-ba62-54d6c0444db7,0,1,2,0,2,0,2,0,1,0,0,0
fea63d91-a2f9-41d2-abc4-c2a3ce728a23,2,0,0,1,1,2,0,1,2,0,0,0
3751760b-77f6-487b-ac94-d76889cc42db,0,0,1,1,1,0,2,2,2,1,0,0
8fcb32e8-475a-49d8-97e1-aaf62455283b,1,2,2,2,0,1,0,0,2,0,0,0
dc9f44c5-39cf-44d7-a13a-49e212b0d411,2,2,1,0,2,2,1,0,1,2,0,0
a2657fd8-6cf8-49a0-a546-725b5b43f8bb,1,2,1,0,1,0,2,2,1,2,0,0
d4118202-5494-4855-ac35-71d974ce1382,1,1,2,1,0,1,0,2,1,0,0,0
1ba233d3-7e05-4da0-b0ff-8f90f34b14f1,2,0,1,0,1,1,2,1,0,0,0,0
74666529-343d-489c-a8ed-827d7c9ffc5e,1,2,2,2,2,1,0,2,2,1,0,0
886bec9e-7cad-4acf-a91c-20a3f3898dcb,0,2,0,0,2,0,1,0,1,2,0,0
8f8319ed-4275-4119-af48-dca69e6c0e35,1,2,0,2,1,0,1,0,2,2,0,0
a188e9ba-39c9-435b-8919-caffa7e304bc,2,1,2,0,0,2,2,0,1,1,0,0
a09d5c1c-23dd-46b2-9400-f391830ddc13,0,0,0,2,2,2,0,1,1,2,0,0
5efc133b-cfbc-4dcd-812f-051057529af0,1,2,2,0,2,1,2,2,1,1,0,0
2993cff1-ad59-4a39-95b1-5b2b2fa4c861,0,0,0,1,2,2,1,1,0,1,0,0
025704eb-718c-4f9a-aada-38edd678dfd8,1,0,1,0,1,2,2,2,1,2,0,0
0d032ac9-1ce6-4b66-9896-999f5828fd39,1,0,1,2,2,0,0,0,0,2,0,0
6c0900d0-30fb-4621-991b-72818f6eb0eb,1,1,0,2,2,0,1,2,0,1,0,0
f5eb02a7-75a0-473e-99a0-125b3833aab3,0,0,2,1,1,2,1,0,1,2,0,0
0efae5fc-7a0d-4cec-8bdc-4d0e29424c30,1,0,0,2,1,0,2,2,2,0,0,0
92d5278e-cbcc-403c-8047-c2838faf0c21,2,1,0,2,2,0,1,1,2,1,0,0
ab43d2af-7e63-492a-b667-60c78fdbdc6c,1,0,0,1,0,2,1,0,1,1,0,0
6a36da2f-476e-4cf6-ab15-ff7346bb503a,2,2,0,0,1,1,1,2,0,2,0,0
fa5a784f-b534-4cfa-8ed1-832d60d4474d,1,0,2,2,2,2,1,1,2,1,0,0
c8f5b48a-e251-4742-b83d-a42191dbcdc7,2,1,1,1,1,0,1,0,1,2,0,0
a0d2f287-b361-4dd7-973b-2879521c1807,2,1,1,2,1,2,1,2,1,0,0,0
efaf5af1-63d6-42f3-849e-a434f42ec4ac,0,0,1,0,1,0,2,2,2,1,0,0
914a85e7-e988-4eba-9e65-f71ba013b4ee,1,0,0,1,1,2,2,2,1,2,0,0
ff3bdd2c-c24f-4748-b2dd-0aeade263334,1,2,0,1,2,1,1,1,0,2,0,0
15696c1f-4328-4b0a-a268-edbeffb6144a,0,0,2,1,1,1,0,0,1,2,0,0
937a5359-e87d-433b-82ae-b16fc3202536,2,2,1,0,0,1,2,2,2,1,0,0
f9220b5d-4b02-4f64-87c9-31891aced316,0,2,1,2,0,2,1,0,1,0,0,0
7fa0e9b3-395f-4fd7-a756-91460b0522a4,1,2,1,0,2,0,1,2,1,2,0,0
ef55f279-2a06-41fc-9330-be5db7adcb79,0,0,2,0,1,2,2,0,0,2,0,0
840c7e09-6e9b-4446-ab10-3aa42f88630c,0,2,0,0,2,0,2,0,1,2,0,0
d5abea20-3c09-4a3c-963f-3aaf3f7d3c29,1,0,1,2,2,2,1,1,0,1,0,0
8a28c11c-fc4a-4a21-b688-a90f93dd59f7,0,2,0,1,2,1,0,1,1,1,0,0
ba231f87-7a81-4626-89a7-5a7697ae60df,0,0,0,0,0,2,1,1,0,1,0,0
12e9463b-2fc2-4cee-9f2c-18f977a595c9,0,1,0,1,2,0,2,1,2,1,0,0
289b8f25-a144-4d8d-a880-a4c33f8d5a5b,1,0,1,2,0,0,2,0,0,0,0,0
70e4e786-8aeb-4ed2-805a-933eae2b9e91,2,0,1,1,1,0,0,2,2,2,0,0
a41c99f1-c079-458c-96c4-0e69e3af0b58,2,0,1,1,1,0,0,1,0,2,0,0
cc397d4e-0545-49d1-93e9-c2783b885f80,2,1,0,1,1,2,1,1,0,2,0,0
4cb1554d-c420-4b0f-b11d-af256589555f,2,2,0,2,0,2,0,2,0,0,0,0
f05f3d42-8ba6-446e-a087-9e83ddc74450,0,2,1,2,2,2,2,1,1,0,0,0
8a6205d6-0b55-41ff-aace-4fc93d5b4c1c,0,1,2,2,0,1,2,1,2,2,0,0
d3130025-2fff-40a7-99b6-16ef03be64a9,2,1,0,0,0,0,0,0,0,1,0,0
4c3bfa16-1da2-4541-824b-1566bf6eb43b,0,1,2,0,1,0,0,1,1,2,0,0
3d5dedf7-933f-44a9-9ab8-4708ebb8dcc3,2,2,2,0,1,0,1,0,1,1,0,0
8796009d-3213-434d-a607-d1d7a80f5229,1,0,0,1,0,2,1,1,0,0,0,0
8dc48c51-14f7-4046-b5c5-62a4c5287c19,1,2,1,2,1,1,1,1,0,2,0,0
e8bcfa2a-4b8e-44f3-94c1-e497528908da,1,2,1,0,0,2,2,1,1,0,0,0
90fe5bb6-f9b1-429e-84f0-3ee9bafe999c,0,1,2,0,2,0,0,2,2,0,0,0
102be21e-c269-43f0-aead-702885b9dcfb,0,1,1,1,0,1,2,1,1,1,0,0
e46bfade-d92f-4af9-82d2-6f0e1d258b70,1,0,2,1,1,0,2,2,2,1,0,0
b5d17132-9d2c-4351-af83-823de092c537,1,2,2,1,0,2,0,0,1,2,0,0
9d65e11a-8c96-479d-a29c-ebcea561ddee,0,0,1,2,2,1,2,1,2,0,0,0
1ada3a10-6687-4db4-87f2-70f116fda0cc,2,2,2,2,2,2,1,1,1,0,0,0
d21ca6b0-1411-4f6c-8987-0fd66a0c7297,2,0,0,1,2,0,0,2,0,2,0,0
54fc14ef-bdd2-49a4-9454-f2274a6531a2,1,2,1,1,2,1,0,2,2,1,0,0
dfcd048f-1d8b-4679-9bd4-e7396e8b557a,1,1,0,2,1,2,0,2,1,1,0,0
3e78e455-8f9c-4d33-8c41-25e1d3a42912,1,0,1,2,1,0,2,1,1,1,0,0
ac2f38e8-25ec-4487-ac91-29aa659184b0,2,0,0,1,0,0,0,1,1,0,0,0
3f92548c-9d5f-45e6-9fce-40ff422f51ea,0,2,1,2,1,2,0,0,1,0,0,0
f2f30aa0-3603-4824-a885-923e765ebd90,0,1,1,0,2,1,2,1,1,2,0,0
8f148e21-5cdd-44ea-90d6-8733a296024f,1,0,2,0,2,0,0,2,2,2,0,0
9e2c2f13-d280-4570-a092-8753f90c2048,2,0,1,0,1,1,1,1,2,2,0,0
ac4f0f47-be33-43bc-9ec9-b3fb1cbe4496,0,2,1,2,1,0,2,2,0,0,0,0
0c43ac56-89ce-4752-9d04-cf8e69176988,2,1,1,0,2,0,0,2,2,2,0,0
2bb3b0ba-adc8-4d6a-bc35-f25847827f32,2,1,2,1,2,0,1,2,1,1,0,0
4413ae5a-2276-480d-bf67-7cf41e0900a0,2,1,2,1,2,1,1,1,2,1,0,0
689107b9-7398-4a43-93e3-289c021a3d83,1,1,2,2,0,0,0,2,0,2,0,0
da95ad00-0677-4df5-abdb-07d7ae381e4c,2,2,1,1,2,1,1,0,2,1,0,0
8a4e3cc8-5bf2-4836-90dd-4eaa2478742c,0,0,0,2,1,2,0,1,2,1,0,0
ae7ab1d8-d038-4a54-90f6-98ed5b9fba10,2,1,2,2,1,1,1,0,2,2,0,0
70ce2779-e6a9-498a-9698-77ae36543f9d,0,1,0,2,2,2,0,1,1,0,0,0
71e0c2ad-b6ba-4158-a9a6-8d7814932e37,2,1,1,2,0,1,1,1,1,0,0,0
d3f6247e-c08c-4d66-9709-eb7bb6683a1d,1,0,0,1,0,0,1,1,0,1,0,0
0bb97335-a14f-43f1-9fdc-45dfea0d781f,2,2,1,2,2,2,1,2,0,2,0,0
d79325cb-1aa0-43a3-95a2-3bf4eda3796e,1,2,2,2,0,2,0,2,1,0,0,0
8152f5b6-a630-4087-a6ad-1b365d955373,1,1,2,2,2,0,2,2,0,1,0,0
5112cb2b-56b8-46c3-95a1-081051e77e44,0,0,0,1,0,1,1,2,1,2,0,0
08701201-f74a-48ef-808c-c2bd15061279,2,1,1,0,0,2,0,0,2,1,0,0
8eaf50bb-3c6a-4781-9b04-67b53908f9e6,1,0,0,0,0,2,1,2,2,1,0,0
a628495e-c3f5-46b5-9875-ba3aa2cfe49c,0,1,2,1,0,2,1,1,0,0,0,0
d9177ef2-0129-48d2-9859-810bf15408a7,2,1,0,0,2,2,0,2,1,0,0,0
26cbc1eb-8295-450e-9df6-6aaa17b79eea,0,2,2,2,2,2,1,2,0,1,0,0
efec173a-c497-4a30-891a-6ecbf7f9f802,2,0,0,2,1,0,2,1,0,1,0,0
dd7fb230-7a29-4874-9ac4-7795c98d1681,0,2,0,1,2,0,1,2,0,1,0,0
3170d98c-1167-46e5-bf69-913c3776dd0c,0,2,0,0,0,2,1,0,2,0,0,0
4f8919a3-b333-46fd-8e6c-3b4137eada7c,0,2,2,0,2,2,1,0,1,1,0,0
90c5b293-e4c3-4d04-b06c-7f72d0a47e82,2,2,2,1,0,1,0,0,2,0,0,0
4fda8b97-553f-4f50-a68b-2abc86f44e33,2,1,2,2,1,1,0,2,0,1,0,0
6742148a-7827-477f-b463-850ba3f00001,0,2,2,1,2,1,1,1,2,0,0,0
8496d0c2-ea51-4e75-8a5f-9d58636d8d2a,2,2,2,0,0,0,2,2,1,1,0,0
e6a719f5-a36b-48be-8b04-6d9bcb5d59ac,0,0,2,2,2,1,1,2,0,1,0,0
70e3c3e6-8417-4ac0-afbc-560e41ab35c1,1,0,2,1,1,0,1,0,2,2,0,0
8c4613fc-0fe4-4172-ae71-36af87cebbe4,2,1,2,1,0,2,2,1,0,2,0,0
224d27f0-3478-4cef-9fc4-99b12bee3109,0,2,0,1,1,1,0,1,0,0,0,0
83f2f44d-efc3-4cfb-bbfb-33dd80535f36,2,2,2,2,2,2,2,1,1,0,0,0
be62730a-02dc-45e9-a707-c3bea2127c2b,0,0,0,1,1,2,2,0,2,0,0,0
404b5232-d763-4e86-b711-00bd38bc62b9,1,2,1,2,0,0,1,1,0,1,0,0
377c18eb-9a14-427b-b7d8-fc3cf956d000,2,2,0,2,2,1,1,1,2,1,0,0
4ea96caa-fd95-4541-a667-377fd5929f52,0,1,1,1,2,0,1,2,1,2,0,0
39ccddfc-7359-4989-9d9b-31ecf96089fe,1,2,0,2,0,0,0,2,0,2,0,0
a49b7bb0-e2f1-463c-b8ff-53eea4e22cbb,0,0,1,1,0,0,0,2,2,2,0,0
52ccd824-4748-4e68-bcc7-c5c4c049bd6b,0,0,1,2,1,2,1,0,2,2,0,0
89d4d404-188e-4c47-98f3-013d629c81b1,0,0,0,1,2,0,2,1,1,1,0,0
3298363b-a72a-40f8-abb1-a231cad7169d,0,1,1,1,0,0,1,2,1,1,0,0